ID bài viết,ID Trang,Tên Trang,Tiêu đề,Thời lượng (giây),Thời gian đăng,Liên kết vĩnh viễn,Loại bài viết,Bình luận về dữ liệu,Ngày,Bình luận,Lượt phân phối,Thu nhập ước tính (USD),Kiếm tiền từ nội dung (USD),Sao (USD),Lượt hiển thị,Lượt tương tác,Số người theo dõi thực,Cảm xúc,Lượt lưu,Lượt chia sẻ,Người xem,Lượt xem,Số Giây xem trung bình,Số Giây xem,Interactions,Net follows,Từ khóa khớp,Điều kiện tuổi/lượt xem,Lý do rà soát,Phạm vi URL
1702206898132988,100050310827163,Đồng hồ Nhà kho,"Odo 24 bản 1954 – Dấu ấn riêng trên những mặt số cổ

Odo 24 bản 1954 là dòng đồng hồ sở hữu nhiều nét đặc trưng thú vị. Với những mẫu chỉ chơi các bản nhạc solo thông thường, chữ Sono thường được ghi trực tiếp trên mặt số.

Chính chi tiết này tạo nên dấu hiệu nhận diện rất riêng cho từng loại mặt số, đặc biệt là những mặt số và nắp dùng cho đồng hồ cổ. Đây cũng là điểm được các bác yêu thích đồng hồ cổ quan tâm khi tìm hiểu, sưu tầm và phân biệt các phiên bản Odo 24 bản 1954.

#Odo24 #Odo1954 #ĐồngHồCổ #MặtSốCổ #ĐồCổ SưuTầm",22,10/07/2026 18:28,https://www.facebook.com/reel/3296961330499985/,Thước phim,,Trọn đời,0,+0.4x,0,0,0,212,0,0,0,0,0,180,233,7.63,1449.834,,,ODO,,B: từ khóa trong nội dung ngoài hashtag,FANPAGE
1700329991654012,100050310827163,Đồng hồ Nhà kho,"Trong thế giới đồng hồ cổ Pháp, Sonodo là một trong những giai điệu rất đặc trưng của ÔĐô. Điều thú vị là qua những tư liệu và mẫu máy hiện còn được ghi nhận, Sonodo gắn với dòng máy 24; chưa thấy bằng chứng đáng tin cậy cho thấy hãng từng trang bị bản nhạc này nguyên bản trên các dòng máy 30 hay 36.

Ở Việt Nam, máy 24 thường được người chơi phân thành các đời 54, 57 và 62. Trong nhóm này tồn tại những phiên bản đặc biệt sử dụng 6 thanh gông để chơi hai giai điệu Sonodo và Westminster. Cấu hình thường gặp là bộ nhiều búa tác động lên chỉ 6 thanh gông, nghĩa là một thanh gông có thể được nhiều búa sử dụng cho những nhiệm vụ khác nhau. Chính cách bố trí này giúp bộ máy tạo được hai hệ giai điệu mà không cần số lượng thanh gông tương ứng với số búa.

Sonodo cũng không đơn thuần là cách gọi do giới chơi đồng hồ Việt Nam đặt ra. Trong cơ sở dữ liệu nhãn hiệu đồng hồ quốc tế có ghi nhận tên “Carillon Sonodo” thuộc Odo SARL tại Morez, Pháp. Những mẫu đồng hồ còn tồn tại tại Pháp cũng có cần lựa chọn riêng giữa Sonodo và Westminster, cho thấy đây thực sự là tên mà hãng sử dụng cho hệ chuông của mình.

Một cách giải thích khá thú vị về cái tên Sonodo là ghép từ “son” trong tiếng Pháp – nghĩa là âm thanh, tiếng – với tên ÔĐô, tạo thành “Son-Odo”, có thể hiểu nôm na là “âm thanh của ÔĐô”. Cách lý giải này khá hợp lý về ngôn ngữ và cũng đã xuất hiện trong tài liệu của giới chơi tại Việt Nam, nhưng hiện chưa tìm thấy catalogue hay tài liệu gốc của nhà sản xuất xác nhận trực tiếp nguồn gốc tên gọi, vì vậy vẫn nên xem đây là một giả thuyết hơn là kết luận lịch sử.

Có lẽ chính sự khác biệt ấy khiến Sonodo trở thành một nhánh thú vị khi sưu tầm đồng hồ cổ Pháp: không chỉ nằm ở chất âm đồng hồ cổ hay cấu hình nhiều búa trên 6 thanh gông, mà còn ở việc nó gắn với một nhóm máy khá riêng biệt trong lịch sử đồng hồ cơ cổ ÔĐô.",0,10/05/2026 18:04,https://www.facebook.com/donghonhakho.vn/posts/pfbid0WGRtAN3U4NsSUYC4g5Jz5beAas1DkxriD6WPwvFECMpL6tjXr8B6a88QtX9GmEnVl,Ảnh,,Trọn đời,0,--,0,0,0,302,2,0,1,0,1,295,455,,,,,ODO,,B: từ khóa trong nội dung ngoài hashtag,FANPAGE
1686851826335162,100050310827163,Đồng hồ Nhà kho,"Junghan Hoa Thị – Dấu Ấn Một Thời Của Đồng Hồ Đức

Khoảng 15 năm trước, Junghan từng là cái tên được nhiều người chơi đồng hồ cổ tại Việt Nam săn tìm. Mẫu hoa thị đến từ Đức gây ấn tượng với bộ máy 2 mũi tên, được ước định thuộc khoảng giai đoạn 1940. Điểm đáng nhớ nằm ở kết cấu cơ học logic, khả năng vận hành ổn định, độ bền tốt và dàn côn cho từng nốt rõ ràng, tạo nên chất âm rất riêng. Kiểu dáng trang nhã cũng giúp Junghans sớm trở thành một dòng đồng hồ quen thuộc trong cộng đồng sưu tầm đồng hồ châu Âu cổ.

#Junghans #Junghans_hoa_thi #dong_ho_Junghans #dong_ho_Duc #dong_ho_co_Duc #dong_ho_co #dong_ho_qua_lac #dong_ho_co_hoc #dong_ho_con #dong_ho_chau_Au_co #dong_ho_suu_tam #suu_tam_dong_ho_co",100,09/21/2026 21:21,https://www.facebook.com/reel/2211507019413335/,Thước phim,,Trọn đời,12,+45.5x,0,0,0,3091,55,11,32,2,9,2888,3434,15.941,49274.801,,,JUNGHANS,,B: từ khóa trong nội dung ngoài hashtag,FANPAGE
1687850459568632,100050310827163,Đồng hồ Nhà kho,"Odo 24 Đời 1962 – Chất Âm Vui, Dễ Chơi Dễ Sưu Tầm

Odo 24 đời 1962 là một phiên bản khá thú vị dành cho các bác muốn bắt đầu trải nghiệm đồng hồ Odo cổ. Đây là dòng máy 24, được người chơi tại Việt Nam quen gọi theo đời 1962. Điểm khiến phiên bản này có duyên nằm ở chất âm nghe vui, có độ ngân và luyến láy khá đặc trưng, tạo cảm giác sinh động mỗi khi đồng hồ lên nhạc và điểm chuông. Một ưu điểm khác theo kinh nghiệm người chơi là mức tiếp cận tương đối hợp lý, vì vậy đây cũng là lựa chọn dễ tìm hiểu và bổ sung vào bộ sưu tập.

#Odo24 #Odo1962 #dong_ho_Odo #dong_ho_co #dong_ho_Phap #dong_ho_co_hoc #am_thanh_dong_ho #dong_ho_suu_tam #may_24 #suu_tam_dong_ho_co",45,09/23/2026 01:25,https://www.facebook.com/reel/3200202623524368/,Thước phim,,Trọn đời,0,+2.6x,0,0,0,1469,10,0,6,0,4,1418,1633,8.194,12028.82,,,ODO,,B: từ khóa trong nội dung ngoài hashtag,FANPAGE
1682035360150142,100050310827163,Đồng hồ Nhà kho,"Đồng hồ vai bò Junghan 5 côn đồng bạch – chất âm rất đáng chơi

Một mẫu vai bò Đức còn giữ độ nguyên bản cao, nổi bật với bộ 5 côn đồng bạch cho tiếng chuông trong, ngân dài và có chiều sâu. Dáng thùng cổ điển, máy cơ chắc khỏe, vừa đẹp để trưng bày vừa có giá trị sưu tầm lâu dài. Đây cũng là cấu hình Junghans được nhiều người chơi đánh giá cao về chất âm trong tầm giá.",51,09/16/2026 08:05,https://www.facebook.com/reel/1398980342364289/,Thước phim,,Trọn đời,8,+12.3x,0,0,0,2334,,,17,0,0,2272,2535,8.594,19880.072,24,0,JUNGHANS,,B: từ khóa trong nội dung ngoài hashtag,FANPAGE
1681596993527312,100050310827163,Đồng hồ Nhà kho,"Vì sao mặt số Odo 30 thường trông lớn hơn Odo 36?

Odo 30 và Odo 36 có nhiều kiểu mặt số mang phong cách khá gần nhau, nhưng tỷ lệ tổng thể lại khác. Odo 30 có tay lắc ngắn hơn Odo 36, vì vậy thùng thường thấp và bè hơn; Odo 36 lại thiên về dáng thon dài. Theo kinh nghiệm nhận diện thực tế của anh, mặt số Odo 30 thường được làm to và bè hơn một chút để cân đối với chiều dài tay lắc và tỷ lệ thùng, trong khi mặt Odo 36 nhìn gọn hơn trên dáng thùng dài. 

#dong_ho_co #Odo30 #Odo36 #dong_ho_qua_lac #suutam",44,09/15/2026 20:35,https://www.facebook.com/reel/1446860217394486/,Thước phim,,Trọn đời,0,+2.9x,0,0,0,1984,,,11,0,4,1896,2257,8.876,17636.76,14,0,ODO,,B: từ khóa trong nội dung ngoài hashtag,FANPAGE
1681591480194530,100050310827163,Đồng hồ Nhà kho,"36/8 nguyên bản – mặt số nổi ngang, thùng kính chuông

Một chiếc Odo 36/8 mang nhiều dấu hiệu rất được người chơi đồng hồ cổ quan tâm: mặt số nổi đặt ngang, kim tháp, thùng kính chuông và máy 3 vách bệt. Cấu hình 8 côn–8 búa thường gặp với bản Westminster, cho chất âm rõ, ngân và giàu nét cổ điển. Phần thùng đẹp, tỷ lệ cân đối giúp tổng thể sang và có giá trị trưng bày. Khi máy, mặt số, kim và thùng còn đồng bộ, giá trị sưu tầm càng đáng chú ý. Nguồn người chơi và cửa hàng chuyên dòng này cũng ghi nhận Odo 36/8 với máy 3 vách bệt và cấu hình Westminster. 

#dong_ho_co #Odo36 #dong_ho_qua_lac #westminster #suutam",56,09/15/2026 20:24,https://www.facebook.com/reel/951933394633404/,Thước phim,,Trọn đời,4,+8.1x,0,0,0,1689,,,9,0,3,1628,1918,7.931,13610.177,16,0,ODO,,B: từ khóa trong nội dung ngoài hashtag,FANPAGE
1676486164038395,100050310827163,Đồng hồ Nhà kho,"Odo 36/8 – một phiên bản được người chơi đồng hồ cổ đặc biệt yêu thích

Odo 36/8 là phiên bản được nhiều người chơi và sưu tầm ưa chuộng nhờ bộ máy 8 côn 8 búa, chơi bản Westminster quen thuộc. Điểm nổi bật của dòng này là bộ côn lòng máng chữ U; trong đó côn chữ U trắng được nhiều người chơi đánh giá cao bởi chất âm trầm, dày và ngân rất dễ nghe.

Một cấu hình vừa đẹp về cơ khí, vừa có chất âm đặc trưng, rất đáng để tìm hiểu trong dòng đồng hồ Odo cổ.

#dong_ho_co #odo_36_8 #dong_ho_qua_lac #westminster #giao_lo_xua",49,09/09/2026 22:10,https://www.facebook.com/reel/1423290593124533/,Thước phim,,Trọn đời,0,+2.8x,0,0,0,1060,,,5,0,4,1033,1212,6.601,7155.883,9,2,ODO,,B: từ khóa trong nội dung ngoài hashtag,FANPAGE
1676474277372917,100050310827163,Đồng hồ Nhà kho,"Odo 24 đời 1962 – âm sắc đặc trưng của Westminster và Sonodo

Trong dòng đồng hồ cổ Pháp Odo, phiên bản máy 24 đời 1962 là một cấu hình rất đáng chú ý với 10 búa, 6 côn, chơi hai bản nhạc Westminster và Sonodo.

Điểm thú vị nằm ở bộ 6 côn được khai thác để tạo nên hai phong cách âm thanh khác nhau. Westminster quen thuộc, trang trọng; trong khi Sonodo tạo màu sắc riêng, giúp chất âm của chiếc đồng hồ trở nên giàu nhạc tính và dễ nhận biết.

Theo những hiện vật và kinh nghiệm sưu tầm, sửa chữa được ghi nhận đến nay, Sonodo mới chỉ được gặp trên dòng máy Odo 24. Chưa ghi nhận cấu hình Sonodo trên máy 30 hay máy 36. Đây nên được hiểu là ghi nhận thực tế từ các hiện vật đã gặp, chưa phải khẳng định tuyệt đối rằng những cấu hình khác không từng tồn tại.

Với cấu hình 10 búa 6 côn, hai bản Westminster – Sonodo cùng chất âm đặc trưng, Odo 24 đời 1962 là một nhánh rất thú vị để tìm hiểu khi sưu tầm đồng hồ cổ và nghiên cứu các biến thể máy Odo.",142,09/09/2026 21:49,https://www.facebook.com/reel/4049595262008466/,Thước phim,,Trọn đời,2,+10.1x,0,0,0,2024,,,10,0,3,1926,2111,9.768,19254.532,14,0,ODO,,B: từ khóa trong nội dung ngoài hashtag,FANPAGE
1670339794653032,100050310827163,Đồng hồ Nhà kho,"Đồ sưu tầm không được định giá giống đồ tiêu dùng

Có thể lấy một ví dụ rất dễ hình dung từ đồ gốm.

Một chiếc bát cổ từ vài trăm năm trước, dù của Trung Quốc hay của Việt Nam, về công năng chưa chắc đã tốt bằng một chiếc bát đẹp được làm tại Bát Tràng ngày nay.

Bát mới có thể:

* tròn đều hơn;
* men sạch hơn;
* bền hơn;
* dễ dùng hơn;
* và quan trọng nhất là có thể mang ra ăn cơm mỗi ngày mà chẳng phải suy nghĩ.

Còn một chiếc bát cổ giá hàng chục cây vàng?

Có lẽ phần lớn người sở hữu chỉ đặt nó trong tủ kính để ngắm.

Chẳng ai mua một món cổ quý rồi hàng ngày đem ra chan canh.

Như vậy, nếu chỉ xét “công dụng của cái bát là để đựng thức ăn” thì chiếc bát cổ gần như thua hoàn toàn chiếc bát mới.

Thế nhưng giá của nó vẫn có thể cao hơn hàng nghìn lần.

Tại sao?

Bởi người ta không mua riêng công dụng.

Người ta mua tuổi đời, độ hiếm, nguồn gốc, lịch sử, tính nguyên bản và cảm giác được sở hữu một vật mà không phải ai cũng có.

Đồng hồ cổ cũng vậy.

⸻

Giá của 36/10 không chỉ nằm trong 10 côn và 10 búa

Nếu chỉ tính vật chất, một chiếc 36/10 vẫn là một bộ máy cơ, một dàn côn, một bộ búa, mặt số, quả lắc và một chiếc thùng gỗ.

Nhưng những thứ ấy ghép lại chưa đủ để giải thích giá.

Thứ làm cho 36/10 khác biệt nằm ở vị trí mà nó đã tạo ra trong tâm trí người chơi qua nhiều thế hệ.

Từ rất sớm, những chiếc 36/10 đã được đánh giá cao bởi cấu hình âm thanh, kiểu điểm chuông và cá tính riêng.

Đến khi xuất hiện tại Việt Nam, nó tiếp tục được người chơi chú ý.

Rồi một người có.

Người khác nghe.

Người thứ ba muốn tìm.

Cứ như vậy qua nhiều năm, từ một chiếc đồng hồ hay, 36/10 dần trở thành một biểu tượng trong thú chơi Odo.

Đến lúc ấy, giá không còn được quyết định riêng bởi bộ máy.

Nó được quyết định bởi cả ký ức tập thể của người chơi.",0,09/02/2026 17:36,https://www.facebook.com/donghonhakho.vn/posts/pfbid02CJ23FuqbBGxkr5Nt7mws7cUYWPrAu6eQNupNrqNgaqfHvrLEt1atDo2ZSstgd1Jal,Photo,,Trọn đời,3,--,0.03,0.03,0,1661,,,15,0,1,1595,2537,,,19,0,ODO,,B: từ khóa trong nội dung ngoài hashtag,FANPAGE
1652893766397635,100050310827163,Đồng hồ Nhà kho,"Gông đồng hay gông thép – cái nào hay hơn?

Trong thế giới sưu tầm đồng hồ cổ, có một câu chuyện mà anh em tranh luận mãi vẫn chưa có hồi kết: gông đồng hay hơn hay gông thép hay hơn?

Tôi đã nghe rất nhiều ý kiến khác nhau. Người thích gông đồng thì cho rằng tiếng trầm, ấm, ngân dài và có chiều sâu. Người thích gông thép lại đánh giá cao sự sáng tiếng, rõ nốt, mạch lạc và có nhạc tính hơn.

Từ góc nhìn của một người đã có thời gian sửa chữa, nghe thử và sưu tầm khá nhiều mẫu đồng hồ khác nhau, tôi cho rằng không có một kết luận tuyệt đối rằng đồng hay hơn thép, hoặc thép hay hơn đồng. Mỗi loại có một màu âm riêng, một ưu điểm riêng và phù hợp với một gu nghe khác nhau.

Gông đồng thường cho chất âm trầm, ấm và có độ ngân khá rõ. Một ưu điểm dễ nhận thấy là gông đồng thường khá “dễ kêu”, tức là ngay cả khi được đặt trong những bộ thùng không quá lớn, âm thanh vẫn có độ đầy và cảm giác trầm tương đối tốt.

Có thể hiểu đơn giản rằng bản thân màu âm của gông đồng đã thiên về dải trầm, vì vậy nó không phụ thuộc quá nhiều vào khả năng cộng hưởng của một chiếc thùng thật lớn mới tạo được cảm giác ấm tiếng.

Nhưng chính ưu điểm này đôi khi lại trở thành nhược điểm.

Khi độ ngân quá dài và dải trầm quá dày, các tiếng có thể chồng lên nhau. Tiếng trước chưa dứt hẳn thì tiếng sau đã vang lên, khiến giai điệu dễ bị lẫn, thiếu độ tách nốt và đôi khi tạo cảm giác hơi “ồn” nếu bộ gông, búa và thùng không được căn chỉnh tốt.

Gông thép lại mang một tính cách khác.

Theo cảm nhận của tôi, gông thép thường cho màu âm sáng hơn, rõ ràng hơn, vui tươi và nhộn nhịp hơn. Các tiếng có xu hướng tách nhau tốt nên khi chơi một bản nhạc nhiều nốt, người nghe thường dễ nhận ra đường giai điệu hơn.

Đặc biệt với những bộ đồng hồ chơi nhạc, khả năng thể hiện từng nốt rõ ràng là một lợi thế rất lớn.

Một bộ gông thép được làm và căn chỉnh tốt có thể cho cảm giác chuẩn tông, rõ nốt và có nhạc tính cao. Chính vì vậy, với những bản nhạc như Westminster hay các chương trình có nhiều câu nhạc liên tiếp, gông thép thường tạo cảm giác mạch lạc và dễ nghe.

Nhưng điều đó không có nghĩa gông thép luôn hay hơn.

Một người thích tiếng trầm, sâu, cổ kính có thể vẫn thích gông đồng hơn rất nhiều. Trong khi người thích nghe rõ từng câu nhạc, từng nốt lại dễ nghiêng về gông thép.

Thú vị hơn nữa là các nhà sản xuất đồng hồ trước đây dường như cũng hiểu rất rõ sự khác biệt này.

Không phải lúc nào họ cũng chọn một loại vật liệu cho toàn bộ hệ gông. Có những cấu hình sử dụng cả gông đồng và gông thép trên cùng một bộ đồng hồ nhằm tận dụng ưu thế của từng loại.

Trong một số cấu hình Odo mà giới chơi từng gặp, phần đánh nhạc sử dụng các thanh thép để tạo tiếng sáng, rõ và tách nốt tốt hơn, trong khi phần điểm giờ lại sử dụng thanh đồng nhằm tạo tiếng trầm hơn, mềm hơn và có cảm giác uy lực.

Cách phối như vậy rất hợp lý nếu nhìn từ góc độ âm nhạc.

Bản nhạc cần sự rõ ràng.

Từng nốt phải tách tương đối tốt để người nghe nhận ra giai điệu.

Trong khi tiếng điểm giờ không cần chạy thành một chuỗi giai điệu phức tạp. Một tiếng trầm, đầy và ngân dài lại có thể tạo cảm giác trang trọng hơn.

Đây cũng là bằng chứng rất thú vị cho thấy không có một vật liệu duy nhất phù hợp cho mọi mục đích âm thanh.

Thùng đồng hồ cũng đóng vai trò rất lớn.

Một bộ gông rất tốt nhưng đặt trong một chiếc thùng có khả năng cộng hưởng kém vẫn chưa chắc cho âm thanh hấp dẫn. Ngược lại, một bộ gông vừa phải nhưng đi cùng thùng có thể tích phù hợp, gỗ tốt, khoảng không cộng hưởng hợp lý và búa được căn chỉnh chính xác lại có thể cho tiếng rất dễ nghe.

Vì vậy khi nói một chiếc đồng hồ “âm hay”, chúng ta thực chất đang nghe kết quả của cả một hệ thống:

gông – búa – đầu búa – bộ máy – thùng – không gian cộng hưởng – cách căn chỉnh và cả vị trí đặt đồng hồ.

Không nên chỉ nhìn vào vật liệu gông rồi kết luận toàn bộ chất lượng âm thanh.

Trong giới sưu tầm, tôi cũng quan sát thấy ở một số dòng đồng hồ được người chơi đánh giá cao, đặc biệt những cấu hình phức tạp thuộc hệ Odo 36, gông thép xuất hiện khá nhiều. Những phiên bản gông thép đẹp, đúng cấu hình và cho chất âm tốt thường được người chơi kỹ tính tìm kiếm.

Tuy nhiên, từ đó cũng không nên suy ra một quy luật rằng gông thép chắc chắn có giá trị hơn gông đồng.

Giá giao dịch của một chiếc đồng hồ còn phụ thuộc rất nhiều vào độ nguyên bản, bộ máy, kiểu thùng, mặt số, cấu hình nhạc, độ hiếm, tình trạng phục hồi và nhu cầu của người chơi tại từng thời điểm.

Một chiếc gông đồng đúng cấu hình, nguyên bản và có chất âm đẹp hoàn toàn có thể đáng chơi hơn một chiếc gông thép đã thay đổi hoặc phục hồi không đúng.

Vậy cuối cùng, gông đồng hay gông thép – cái nào hay hơn?

Theo tôi, không có câu trả lời tuyệt đối.

Nếu thích tiếng trầm, ấm, dày và ngân dài, nhiều người sẽ chọn gông đồng.

Nếu thích tiếng sáng, rõ nốt, mạch lạc và có nhạc tính, nhiều người sẽ nghiêng về gông thép.

Còn nếu xét một chiếc đồng hồ cụ thể, tốt nhất đừng hỏi nó là đồng hay thép trước.

Hãy nghe chính chiếc đồng hồ đó.

Bởi cuối cùng, âm thanh vẫn là một trải nghiệm rất cá nhân.

Có người nghe một tiếng gông đồng trầm sâu là thấy mê.

Có người lại chỉ thực sự rung động khi từng nốt gông thép vang lên rõ ràng, sáng và gọn.

Đồng hay thép chỉ là vật liệu. Cái hay cuối cùng vẫn nằm ở cả bộ đồng hồ – và nằm trong đôi tai của người nghe.",0,08/14/2026 07:55,https://www.facebook.com/donghonhakho.vn/posts/pfbid02HYw4cXRFM1xqXV8L9NYXMGJHNaqYJxX9TKesfeTqapbq4JGCiRfiQG2FXT2zhgRtl,Ảnh,,Trọn đời,2,--,0.44,0.44,0,4785,21,0,16,1,2,4691,6722,,,,,ODO,,B: từ khóa trong nội dung ngoài hashtag,FANPAGE
1653184689701876,100050310827163,Đồng hồ Nhà kho,"Ba kiểu kim đặc trưng trên Odo 36

Trong thế giới đồng hồ Odo 36, ngoài bộ máy, côn, búa hay kiểu vách, bộ kim cũng là một chi tiết rất đáng để quan sát. Theo kinh nghiệm thực tế của Nhà Kho TV, Odo 36 thường gặp ba kiểu kim chính: kim số 8, kim hình bút và kim hình tháp.

Điều thú vị là ba kiểu kim này không cho thấy một quy luật tuyệt đối theo thời kỳ hay dáng thùng. Cùng một nhóm máy, cùng một kiểu thùng, thậm chí cùng giai đoạn, người chơi vẫn có thể gặp những bộ kim khác nhau. Vì vậy, có khả năng các kiểu kim từng được sử dụng song song theo từng cấu hình hoặc thị hiếu thẩm mỹ, nhưng hiện chưa có tài liệu hãng đủ rõ để khẳng định điều này.

Kim hình bút là loại gặp khá nhiều trên Odo 36 vách xoáy và một số cấu hình 10 côn, đặc biệt ở nhóm máy bốn số, vách mỏng mà người chơi thường gọi là đời trung. Dáng kim gọn, thanh, tạo cảm giác rõ ràng và dễ đọc.

Kim số 8 lại có đường nét mềm mại, tinh tế hơn. Kiểu kim này xuất hiện trên Odo 36 và đôi khi cũng gặp ở Odo 30. Theo cảm nhận thẩm mỹ, kim số 8 đặc biệt hợp với những mặt số nằm ngang vì tạo được sự mềm mại và cân đối cho toàn bộ bố cục.

Đặc trưng nhất vẫn là kim hình tháp.

Đây là kiểu kim có sức gợi Odo 36 rất mạnh. Kim tháp thường gặp ở máy năm số, máy chân kiềng, máy ba vách bệt và đôi khi cả trên một vách xoáy. Ngoài Odo 36, kiểu kim này đôi lúc cũng xuất hiện trên đồng hồ vai bò hoặc một số ít Odo 30, nhưng tần suất thấp hơn nhiều.

Kim hình tháp còn có hai dạng: tháp hai tầng và tháp ba tầng. Theo quan sát thực tế, những chiếc được xem là đời sớm thường gặp tháp hai tầng nhiều hơn, trong khi các phiên bản về sau thường thấy tháp ba tầng. Tuy nhiên, đây vẫn chỉ nên xem là một pattern thực địa, chưa phải mốc niên đại chính thức nếu chưa có catalogue hoặc tài liệu hãng xác nhận.

Về thẩm mỹ, kim tháp rất hợp với mặt bát giác đứng. Dáng kim vững, cân đối, đối xứng tốt với hình khối của mặt số và tạo nên một phong cách rất riêng.

Chính vì bộ kim của Odo 36 có bản sắc mạnh như vậy nên trong nhiều trường hợp, ngay cả khi mặt số không còn logo rõ ràng, người chơi lâu năm chỉ cần nhìn kiểu kim, mặt số và tổng thể bố cục cũng đã có thể nghĩ ngay tới Odo 36.

Tất nhiên, kim không thể là dấu hiệu duy nhất để kết luận một chiếc đồng hồ. Muốn nhận diện chính xác vẫn phải nhìn cùng bộ máy, kiểu vách, mặt số, côn, búa, thùng và dấu hiệu nguyên bản.

Nhưng nếu coi đồng hồ cổ là một tổng thể thiết kế, thì bộ kim chắc chắn không phải chi tiết phụ. Nó góp phần tạo nên sự cân đối, hài hòa và phong cách riêng của Odo 36 — một trong những lý do khiến dòng đồng hồ này được nhiều người chơi yêu thích cho tới tận hôm nay.",0,08/14/2026 16:04,https://www.facebook.com/donghonhakho.vn/posts/pfbid0dW1rLFNghD4ZeNpQ6c29svmQXLc6QZ8GFtaSFda4ZRywip32BkdDGJBTid7DQAx2l,Ảnh,,Trọn đời,4,--,0.16,0.16,0,2302,16,0,13,1,1,2249,3268,,,,,ODO,,B: từ khóa trong nội dung ngoài hashtag,FANPAGE
1655819392771739,100050310827163,Đồng hồ Nhà kho,"Carillon là gì trong đồng hồ cổ Pháp?

Nếu thường xuyên xem đồng hồ cổ Pháp, các bác chắc hẳn từng gặp chữ Carillon trên mặt số hoặc trong các tin bán đồng hồ như Carillon Westminster, Carillon Odo… Vì xuất hiện khá nhiều nên người mới chơi rất dễ nghĩ Carillon là tên một hãng đồng hồ.

Thực ra không phải vậy.

Trong tiếng Pháp, Carillon trước hết liên quan đến chuông và giai điệu. Dictionnaire de l’Académie française – từ điển của Viện Hàn lâm Pháp – giải thích carillon là một hệ chuông được chỉnh ở những cao độ khác nhau; trong đồng hồ, từ này còn dùng để chỉ giai điệu được phát theo những khoảng thời gian nhất định như 15 phút, nửa giờ hoặc đúng giờ.

Hiểu đơn giản:

Đồng hồ đánh chuông có thể chỉ “boong” một tiếng, hai tiếng, ba tiếng… để báo số giờ.

Còn đồng hồ Carillon sử dụng nhiều âm khác nhau, các búa đánh theo một trình tự để tạo thành một đoạn giai điệu nghe có tính nhạc.

Khoảng từ những năm 1930 trở đi, loại đồng hồ này phát triển mạnh trong ngành đồng hồ gia dụng Pháp. Chiếc đồng hồ lúc này không chỉ để xem giờ mà còn trở thành một món đồ có tính thưởng thức âm thanh trong không gian sống.

Westminster là một trong những giai điệu nổi tiếng nhất, nhưng cần phân biệt: Westminster là tên giai điệu, còn Carillon là khái niệm rộng hơn về loại đồng hồ có hệ chuông/chime tạo giai điệu.

Vì vậy, khi thấy chữ Carillon Westminster hay Carillon Odo, đừng vội nghĩ Carillon là tên hãng.

Chỉ cần nhớ một câu:

Carillon là kiểu đồng hồ mà tiếng chuông không chỉ để báo giờ, mà còn được phối thành giai điệu để người nghe thưởng thức.

#ĐồngHồCổ, #Carillon, #ĐồngHồPháp, #KiếnThứcĐồngHồ, #SưuTầmĐồngHồ",0,08/17/2026 16:26,https://www.facebook.com/donghonhakho.vn/posts/pfbid0HfGXijjSTw9RspyVwHKnoZDCDKKaxXmWJmd7LQcxvXr6SgNc7Zam42JQYfXop8LHl,Ảnh,,Trọn đời,0,--,0.13,0.13,0,2383,7,0,8,0,1,2292,3395,,,,,ODO,,B: từ khóa trong nội dung ngoài hashtag,FANPAGE
1629805152039830,100050310827163,Đồng hồ Nhà kho,Junghans đồng bạch mời các bác ạ,0,07/17/2026 21:11,https://www.facebook.com/donghonhakho.vn/posts/pfbid0exYVBsu9R1xKRRLJKT9GFt4F8jt8GLEofvuMRfb6Ehmzh6pyZ5xqiFWgFTTKfFuJl,Ảnh,,Trọn đời,8,--,0.14,0.14,0,2104,23,0,14,0,1,2062,3169,,,,,JUNGHANS,,B: từ khóa trong nội dung ngoài hashtag,FANPAGE
1624786655875013,100050310827163,Đồng hồ Nhà kho,"Atmos – Chiếc đồng hồ không sinh ra để cạnh tranh với thời gian

Suốt hơn ba trăm năm, con người gần như mặc nhiên chấp nhận một quy luật.

Đã là đồng hồ cơ thì phải lên cót.

Có chiếc mỗi ngày.

Có chiếc mỗi tuần.

Đó là điều tưởng như không bao giờ thay đổi.

Cho đến khi Atmos xuất hiện.

Ở Việt Nam, nhiều người vẫn trìu mến gọi Atmos là đồng hồ vĩnh cửu. Không phải vì nó chạy mãi mãi, mà bởi cách nó vận hành khiến người ta có cảm giác như vậy.

Không dùng pin.

Không dùng điện.

Không cần lên cót thường xuyên.

Chỉ nhờ sự thay đổi rất nhỏ của nhiệt độ trong không khí, chiếc đồng hồ đã có thể tự tích lũy năng lượng để tiếp tục hoạt động.

Điều đáng kinh ngạc là tất cả đều được thực hiện bằng cơ khí.

Không có vi mạch.

Không có phần mềm.

Chỉ có những bánh răng, lò xo, đòn bẩy và trình độ chế tác ở mức gần như hoàn mỹ.

Atmos chưa bao giờ được tạo ra để cạnh tranh với đồng hồ điện tử về độ chính xác.

Nó được tạo ra để trả lời một câu hỏi lớn hơn:

Con người có thể đưa đồng hồ cơ đi xa đến đâu?

Và câu trả lời khiến cả thế giới phải ngưỡng mộ.

Ngày nay, nhiều người đặt một chiếc Atmos trên bàn làm việc không chỉ để xem giờ.

Đó còn là biểu tượng của sự chính xác, của tư duy khoa học và của vẻ đẹp cơ khí. Ở Thụy Sĩ, Atmos cũng thường xuất hiện trong những không gian trang trọng và được chọn làm món quà mang ý nghĩa về sự bền vững, trường tồn theo thời gian.

Có thể một ngày nào đó, công nghệ sẽ tạo ra những chiếc đồng hồ chính xác hơn.

Nhưng sẽ rất khó để tạo ra thêm một cỗ máy khiến người ta đứng lặng hàng chục phút chỉ để ngắm quả lắc chuyển động và tự hỏi:

“Làm sao, chỉ bằng vài bánh răng và một chút thay đổi của nhiệt độ, con người lại có thể nghĩ ra được điều này?”

Có lẽ, đó mới là giá trị lớn nhất của Atmos.

Nó không chỉ cho chúng ta biết thời gian.

Nó kể cho chúng ta nghe câu chuyện về trí tuệ của con người.",0,07/11/2026 17:13,https://www.facebook.com/donghonhakho.vn/posts/pfbid02o1xmZJuVF2QvooioXPkqbKu1ztwGdBcBPqm4Ltz65B7BmyjUzVoNr33EWhX4hodjl,Ảnh,,Trọn đời,0,--,0.02,0.02,0,450,3,0,2,0,1,431,706,,,,,,A,A: trước 12/07/2026 và dưới 10.000 lượt xem,FANPAGE
1624782395875439,100050310827163,Đồng hồ Nhà kho,"Bố nói không cần… nhưng ánh mắt lại nói điều ngược lại.

Sáng cuối tuần thường là lúc cửa hàng đón nhiều gia đình hơn.

Có hôm, một chị gái đã đi làm đưa cậu em trai còn là sinh viên và bố đến xem đồng hồ.

Vừa bước vào, bác cười:

“Đưa bố đi xem cho vui thôi, mua làm gì.”

Nói vậy thôi, nhưng bác lại là người đứng lâu nhất trước từng chiếc đồng hồ.

Bác ngắm mặt số, nhìn quả lắc đung đưa, lắng nghe từng tiếng chuông. Thi thoảng lại quay sang hỏi em:

“Cháu ơi, chiếc này chạy có chính xác không?”

Đi được vài bước, bác lại hỏi tiếp:

“Bao lâu thì phải bảo dưỡng một lần hả cháu?”

Đến chiếc khác, nghe tiếng chuông ngân lên, bác mỉm cười:

“Chuông này nghe giống chuông nhà thờ.”

Rồi như nhớ ra điều gì đó, bác kể luôn:

“Cái này giống chiếc đồng hồ của ông Bình ở làng bác. Ngày xưa ông ấy đi tàu Tây mới mua được. Cả làng có mỗi một chiếc, cứ đến giờ là cả xóm đều nghe thấy tiếng chuông.”

Lúc ấy em để ý, hai chị em chỉ đứng bên cạnh nhìn bố cười.

Có lẽ các anh chị cũng không ngờ một chiếc đồng hồ lại có thể làm bố nhớ nhiều chuyện đến thế.

Có lẽ với thế hệ của các bác, đồng hồ cổ chưa bao giờ chỉ là vật để xem giờ.

Nó gợi nhớ về một thời mà một chiếc đồng hồ trong nhà là cả một gia tài. Có người thích từ trẻ nhưng chẳng bao giờ dám nghĩ mình sẽ sở hữu, bởi còn biết bao việc phải lo, biết bao đứa con phải nuôi khôn lớn.

Đến khi con cái trưởng thành, mọi thứ dường như đổi vai.

Ngày bé, bố mẹ dắt con đi mua đồ chơi.

Lớn lên, con lại dắt bố mẹ đi chọn món quà mà ngày xưa bố mẹ từng rất thích.

Điều làm em nhớ nhất không phải lúc chiếc đồng hồ được mang về.

Mà là lúc treo lên tường.

Cả nhà đứng lùi lại vài bước, ngắm chiếc đồng hồ bắt đầu đung đưa theo từng nhịp quả lắc. Tiếng chuông đầu tiên vang lên, ai cũng mỉm cười. Chẳng biết vì tiếng chuông hay vì nhìn thấy bố vui.

Vài hôm sau, chị nhắn lại:

“Từ hôm có đồng hồ, bố em sáng nào cũng dậy sớm hơn. Khách đến chơi là lại khoe chiếc đồng hồ các con tặng.”

Đọc tin nhắn ấy tự nhiên thấy vui.

Không phải vì bán được thêm một chiếc đồng hồ.

Mà vì biết món quà ấy đã đến đúng người.

Nhiều bác sau đó còn hỏi rất cẩn thận:

“Nếu sau này không dùng nữa thì có ai thu mua lại không?”

Đó là suy nghĩ rất quen thuộc của thế hệ luôn trân trọng từng đồng tiền và từng món đồ trong nhà.

Em luôn sẵn sàng cam kết hỗ trợ thu mua lại nếu khách có nhu cầu, để các bác yên tâm hơn khi nhận món quà từ con cháu.

Nhưng điều thú vị là đến nay, rất hiếm người quay lại bán.

Có lẽ vì sau một thời gian, chiếc đồng hồ không còn là một món đồ nữa.

Nó trở thành một phần của căn nhà.

Là tiếng chuông quen thuộc mỗi sáng.

Là âm thanh mỗi lần con cháu về sum họp.

Rồi nhiều năm sau, khi nhìn lên chiếc đồng hồ ấy, điều người ta nhớ không chỉ là thời gian đã trôi qua.

Mà là người đã từng ngồi dưới mái nhà đó, từng mỉm cười khi nhận món quà của các con.

Có những món quà được định giá bằng tiền.

Nhưng cũng có những món quà chỉ có thể đong đếm bằng ký ức.

Có lẽ, đồng hồ cổ là một trong số đó.",0,07/11/2026 17:05,https://www.facebook.com/donghonhakho.vn/posts/pfbid0TGMByJziEhC22MSqZdcDY4cvNmXrY1cXrkc3Ax4UEC4fuwUYr28L9nnWCmg4uWS3l,Ảnh,,Trọn đời,0,--,0.01,0.01,0,489,5,0,4,0,1,480,767,,,,,,A,A: trước 12/07/2026 và dưới 10.000 lượt xem,FANPAGE
1624932332527112,100050310827163,Đồng hồ Nhà kho,"Đồng hồ Ô Đô 36/10 – Dòng máy huyền thoại làm nên tên tuổi của đồng hồ cổ Pháp.

Điểm đặc biệt nhất của Ô Đô 36/10 là bộ máy 10 búa, chơi hai bản nhạc nổi tiếng: Westminster và Gaï Carillon, kết hợp tiếng điểm giờ bính boong trầm ấm đã trở thành dấu ấn riêng của hãng.

Trải qua nhiều giai đoạn sản xuất, dòng 36/10 có nhiều phiên bản khác nhau như máy 3 vách hở, 3 vách bệt và 3 vách xoáy. Mỗi đời máy đều có những thay đổi về kết cấu, bộ côn, vách máy và một vài chi tiết cơ khí, nhưng vẫn giữ được chất âm dày, vang và giàu nhạc tính – nét đặc trưng khiến người chơi đồng hồ cổ luôn yêu thích.

Đến nay, Ô Đô 36/10 nguyên bản vẫn là một trong những dòng đồng hồ cổ Pháp được giới sưu tầm săn tìm nhiều nhất nhờ chất lượng máy bền bỉ, âm thanh cuốn hút và giá trị sưu tầm ngày càng cao. Đây cũng là lựa chọn rất phù hợp cho những ai muốn sở hữu một chiếc đồng hồ cơ cổ vừa có giá trị sử dụng, vừa mang đậm dấu ấn lịch sử của nghệ thuật chế tác đồng hồ châu Âu.",56,07/11/2026 21:59,https://www.facebook.com/reel/27385766204377668/,Thước phim,,Trọn đời,15,+23.7x,0.08,0.08,0,4434,74,3,57,7,1,4324,5424,11.952,54002.859,,,,A,A: trước 12/07/2026 và dưới 10.000 lượt xem,FANPAGE
1624924862527859,100050310827163,Đồng hồ Nhà kho,"Ngày xưa, một căn phòng khách có hai thứ gần như nhà nào cũng mong có.

Một chiếc ti vi.

Và một chiếc đồng hồ treo tường.

Chỉ cần bước vào một căn nhà như vậy, tự nhiên mình có cảm giác rất ấm.

Có cảm giác đó là một gia đình có nề nếp, có tiếng cười và có những buổi tối quây quần bên nhau.

Chiếc đồng hồ đâu chỉ để xem giờ.

Nó báo giờ ăn cơm.

Báo giờ đi học.

Báo giờ làm bài.

Báo giờ đi ngủ.

Còn chiếc ti vi thì đến đúng giờ thời sự, cả nhà lại ngồi sát vào nhau.

Bố pha ấm trà.

Mẹ gọt đĩa hoa quả.

Lũ trẻ tranh nhau chỗ ngồi đẹp nhất.

Tiếng chuông đồng hồ vang lên.

Chiếc ti vi sáng đèn.

Đó là lúc cả gia đình thật sự ở bên nhau.

Ngày ấy, cả nhà gần như sống chung một nhịp thời gian.

Bây giờ thì khác.

Nhà nào cũng có nhiều điện thoại hơn là người.

Mỗi người cầm một chiếc.

Mỗi người xem một thứ.

Mỗi người sống trong một thế giới.

Có khi ngồi cùng một phòng nhưng chẳng ai biết người bên cạnh đang xem gì.

Đồng hồ vẫn còn.

Ti vi vẫn còn.

Nhưng cái cảm giác cả nhà cùng chờ một tiếng chuông, cùng xem một chương trình, cùng ăn một bữa cơm… lại trở thành điều rất hiếm.

Có lẽ vì thế mà nhiều người vẫn yêu đồng hồ cổ.

Không phải vì nó xem giờ chính xác hơn điện thoại.

Mà vì mỗi tiếng chuông vang lên, nó gợi lại cả một khoảng ký ức.

Một căn phòng khách.

Một chiếc ti vi.

Một chiếc đồng hồ.

Và một gia đình đang thật sự ở bên nhau.

Có những thứ công nghệ có thể thay thế rất nhanh.

Nhưng có những cảm giác… càng hiện đại, con người ta lại càng thấy nhớ.",0,07/11/2026 21:45,https://www.facebook.com/donghonhakho.vn/posts/pfbid02cNhvWbWCFx2r2s67Ts4hEBFqgkRNzVcjccUXPNVSL3bnKkry4YbVFWEVZjesp1WRl,Ảnh,,Trọn đời,0,--,0.03,0.03,0,1536,7,0,6,0,1,1531,2099,,,,,,A,A: trước 12/07/2026 và dưới 10.000 lượt xem,FANPAGE
1624822259204786,100050310827163,Đồng hồ Nhà kho,"Đồng hồ công cộng – Khi cả một ngôi làng cùng nghe chung một tiếng chuông

Ngày nay, chỉ cần nhìn vào điện thoại là chúng ta biết chính xác từng phút, từng giây.

Nhưng cách đây hơn một thế kỷ, ở nhiều vùng của châu Âu, thời gian không nằm trong túi áo của mỗi người.

Nó được treo trên những tháp chuông.

Mỗi khi tiếng chuông ngân lên, cả ngôi làng đều biết đã đến giờ làm việc, giờ nghỉ, giờ cầu nguyện hay kết thúc một ngày.

Đó là vai trò của những chiếc đồng hồ công cộng.

Chúng không đơn thuần là những chiếc đồng hồ.

Chúng là “người giữ thời gian” của cả một cộng đồng.

Từ các nhà thờ, giáo họ, giáo xứ, tòa thị chính cho đến quảng trường hay nhà ga, mỗi cỗ máy đều âm thầm làm nhiệm vụ của mình suốt hàng chục, thậm chí hàng trăm năm.

Để làm được điều đó, bộ máy phải kéo và điều khiển những quả chuông nặng hàng chục, có khi hàng trăm kilôgam. Mỗi lần điểm giờ là một lần cả hệ thống truyền động khổng lồ cùng vận hành nhịp nhàng và chính xác.

Điều khiến nhiều người yêu cơ khí ngày nay khâm phục là phần lớn những cỗ máy ấy đều được chế tác gần như hoàn toàn bằng thủ công.

Từng bánh răng.

Từng trục thép.

Từng ngàm hãm.

Từng cơ cấu điểm chuông…

Đều được những người thợ tài hoa hoàn thiện bằng tay.

Thế nhưng, ngay từ thời đó, các nhà chế tác đã rất coi trọng danh tiếng của mình. Trên từng bộ máy đều được đóng dấu hãng sản xuất, số hiệu hoặc ký hiệu nhận diện. Đó không chỉ là tên của một nhà sản xuất, mà còn là lời cam kết về chất lượng của một cỗ máy được tạo ra để phục vụ cả một vùng đất.

Rồi thời gian trôi qua.

Nhiều nhà thờ và công trình cổ được trùng tu. Những bộ máy cơ học, dù vẫn còn hoạt động tốt, dần được thay thế bằng hệ thống điện và điều khiển tự động. Không phải vì chúng kém bền, mà bởi việc lên cót thủ công, bảo dưỡng và vận hành những cỗ máy lớn ấy đòi hỏi rất nhiều công sức.

Đó cũng là lúc nhiều bộ máy bước sang một cuộc đời mới.

Thay vì tiếp tục nằm trên những tòa tháp cao, chúng được tháo rời, bảo tồn hoặc chuyển nhượng cho các nhà sưu tầm. Có những bộ máy ở lại châu Âu, có những bộ máy vượt hàng nghìn kilômét để đến với những người yêu cơ khí ở nhiều quốc gia khác, trong đó có Việt Nam.

Đối với người sưu tầm, giá trị của chúng không chỉ nằm ở tuổi đời.

Mà còn ở câu chuyện mà chúng mang theo.

Đó là cỗ máy từng báo giờ cho cả một ngôi làng.

Từng đánh thức người dân mỗi buổi sáng.

Từng ngân vang trong những ngày lễ, những mùa Giáng sinh, những đám cưới hay những thời khắc đặc biệt của biết bao thế hệ.

Đặc biệt, có những bộ đồng hồ công cộng vẫn còn đi kèm những quả chuông nguyên bản. Đây là điều rất hiếm gặp, bởi ở nhiều công trình, chuông luôn được giữ lại vì gắn với lịch sử, đời sống tín ngưỡng và ký ức của cộng đồng địa phương.

Những quả chuông châu Âu ấy có âm thanh trầm ấm, ngân dài và đầy nội lực. Đó cũng là chất âm được rất nhiều người yêu đồng hồ cổ tại Việt Nam yêu thích. Không ít người khi nghe một chiếc đồng hồ điểm chuông đẹp vẫn mỉm cười và nói:

“Nghe giống tiếng chuông nhà thờ.”

Có lẽ đó không chỉ là một lời khen về âm thanh.

Mà còn là sự đồng điệu với một giá trị đã tồn tại qua hàng trăm năm lịch sử.

Mỗi cỗ máy đồng hồ công cộng còn tồn tại đến hôm nay không chỉ là một món đồ cổ.

Nó là một phần của lịch sử cơ khí châu Âu.

Là kết tinh của nghệ thuật chế tác thủ công.

Và là minh chứng cho một thời mà chỉ cần một tiếng chuông ngân lên, cả một ngôi làng đều biết thời gian đang bước sang một nhịp mới.",0,07/11/2026 18:29,https://www.facebook.com/donghonhakho.vn/posts/pfbid0cfk7hS9CWsSbyrYziCfkpXzy41CkrNPYB8SParARcrEp4rZK4ut5pgyQU3pVL6Ldl,Ảnh,,Trọn đời,0,--,0.02,0.02,0,479,4,0,3,0,1,485,730,,,,,,A,A: trước 12/07/2026 và dưới 10.000 lượt xem,FANPAGE
