"ID bài viết","ID Trang","Tên Trang","Tiêu đề","Thời lượng (giây)","Thời gian đăng","Liên kết vĩnh viễn","Loại bài viết","Bình luận về dữ liệu",Ngày,"Bình luận","Lượt phân phối","Thu nhập ước tính (USD)","Kiếm tiền từ nội dung (USD)","Sao (USD)","Lượt hiển thị","Lượt tương tác","Số người theo dõi thực","Cảm xúc","Lượt lưu","Lượt chia sẻ","Người xem","Lượt xem","Số Giây xem trung bình","Số Giây xem"
1404334031253611,100050310827163,"Đồng hồ Nhà kho","Cảm ơn bạn đã là một trong những người tương tác nhiều nhất và góp mặt trong danh sách tương tác hàng tuần của tôi! 🎉

Đồng Quang Thảo, Đỗ Lương, Hoàng Tường, David Đặng, Hoàng Hưng, Phạm Văn Tuyên, Trịnh Văn Khiên, Thanh Bui, Quỳnh Bui, Laure Ngawi, Hoat Chu, ZAI ĐẤT NGỌC, Hung Son Phan, Dang Nguyen, Đỗ Thế Dũng, Pham Anh Tuan, حسن العمر, Ninh Đào, Nguyễn Công Hoàng, موبايل وساعة صيانة وبيع, Vê Đan, Ân Nguyễn Ngọc, Chuyên Thùng Song Tiện, Nguyễn Tiến Krtd, Thắng Hưng, HệŢhống Messeňger, Vũ Xuân Bắc, Truong Pham, Binh Nguyen, Han Nguyên, Nguyễn Viết Lý, يحيي الخولي, Nguyễn Duy Hiệp, Nguyễn Trung Dũng, Trần Thanh Tùng, Roberto Ferracci, Abdolrahman Nazari, Lê THắng, Đinh Van Đinh Van, Mohsin Al-Okbi, Trịnh Phương, Nguyễn Khánh, Rizwan Rizwan, Cu Gáy Thái Bình, Juraj Ferenc, Nguyễn Nghi, Thanghuong, Vo Huu Sang, Thu Hương, Di Thien",0,"10/13/2025 08:10",https://www.facebook.com/donghonhakho.vn/posts/pfbid0WXihByM1sNQe9zddE5zUhWjLUTi6r9Uz5CFbaKTMLvqEEzUitaHP5MuwGnnQHNdjl,Ảnh,,"Trọn đời",3,--,0,0,0,808,10,0,6,0,1,726,1191,,
1472270364459977,100050310827163,"Đồng hồ Nhà kho","4 số vách dày như thế này là đẹp",0,"01/08/2026 05:06",https://www.facebook.com/donghonhakho.vn/posts/pfbid0agxtNRv4oJXjtRmHwcbK5aNjouTkLrhqrCFqsEdLgeWw2EcMgGqZLYNNtraZudmdl,Ảnh,,"Trọn đời",15,--,0,0,0,15253,80,0,65,0,3,13764,19713,,
1471444561209224,100050310827163,"Đồng hồ Nhà kho","Bộ máy đồng hồ cổ còn nguyên bản, hoạt động ổn định và trơn tru. Các chi tiết giữ được tình trạng tốt, vận hành đều, âm thanh rõ. Tổng thể máy gọn gàng, đúng tinh thần cơ khí xưa, với mức giá hợp lý cho anh em quan tâm và sử dụng lâu dài.",25,"01/07/2026 02:47",https://www.facebook.com/reel/1959315665468474/,"Thước phim",,"Trọn đời",54,+80x,0,0,0,16816,177,10,121,4,1,15357,21238,11.466,184650.525
1470670774619936,100050310827163,"Đồng hồ Nhà kho","Số 242 – Máy Nhạc Thorens Thụy Sĩ – Dùng Đĩa Sắt Cổ Điển

🎶 Máy nhạc Thorens Thụy Sĩ sử dụng đĩa sắt là dòng phát nhạc cơ học đặc trưng của châu Âu xưa, nổi bật bởi cơ cấu cơ khí chính xác và độ bền vượt thời gian.
Âm thanh phát ra mộc mạc, rõ nét, mang màu sắc hoài niệm rất riêng của nhạc cơ.

✨ Kết cấu chắc chắn, chuyển động ổn định; thao tác thay đĩa gọn gàng, phù hợp thưởng lãm và trưng bày.
Giữ nét nguyên bản, thể hiện trình độ chế tác tinh xảo của kỹ nghệ Thụy Sĩ.

Một món đậm giá trị lịch sử – cơ khí tinh tế – giá trị sưu tầm cao cho người yêu âm thanh cổ điển.

#may_nhac_co #thorens #dia_sat #nhac_co_khi #do_xua_thuy_si #suu_tam_am_thanh #co_khi_co #gia_tri_suu_tam",61,"01/06/2026 02:00",https://www.facebook.com/reel/719060577950416/,"Thước phim",,"Trọn đời",59,+363.6x,0,0,0,39875,412,53,345,24,10,37195,41570,17.213,650221.452
1469447471408933,100050310827163,"Đồng hồ Nhà kho","ĐỘNG CƠ STIRLING – CỖ MÁY CHẠY BẰNG NHIỆT ĐỘ

Động cơ Stirling là một loại động cơ đốt ngoài, hoạt động dựa trên sự giãn nở và co lại của khí khi được làm nóng và làm lạnh luân phiên.
Khác với động cơ xăng hay diesel, quá trình đốt không xảy ra bên trong xi lanh, mà nhiệt được truyền từ bên ngoài vào.

Chỉ cần một nguồn nhiệt đơn giản như nến, cồn, bếp gas hoặc ánh nắng, động cơ Stirling đã có thể vận hành êm ái, đều đặn và gần như không gây tiếng ồn.

⸻

⚙️ VÌ SAO ĐỘNG CƠ STIRLING ĐƯỢC ĐÁNH GIÁ CAO?
 • Hoạt động cực kỳ êm
 • Cấu tạo đơn giản nhưng tinh tế
 • Hiệu suất nhiệt rất cao
 • Có thể dùng nhiều nguồn nhiệt khác nhau
 • Tuổi thọ lớn do ít ma sát, ít mài mòn

Chính vì vậy, dù được phát minh từ năm 1816, động cơ Stirling vẫn được nghiên cứu và ứng dụng cho đến ngày nay.

⸻

🧠 GIÁ TRỊ LỊCH SỬ & TRƯNG BÀY

Ngày nay, động cơ Stirling thường xuất hiện dưới dạng:
 • Mô hình kỹ thuật
 • Đồ trưng bày
 • Thiết bị giáo dục
 • Đồ sưu tầm cơ khí cổ

Không chỉ là một cỗ máy, nó còn là biểu tượng của tư duy kỹ thuật cổ điển, nơi con người khai thác quy luật tự nhiên một cách thông minh và bền vững.

⸻

✨ KẾT

Nhìn động cơ Stirling vận hành chậm rãi, đều nhịp, người ta không chỉ thấy máy móc chuyển động,
mà còn thấy vẻ đẹp của khoa học, cơ khí và thời gian.",9,"01/04/2026 08:07",https://www.facebook.com/reel/883572460835739/,"Thước phim",,"Trọn đời",5,+9.5x,0,0,0,13794,67,7,63,2,2,12706,21996,7.977,105232.725
1467728091580871,100050310827163,"Đồng hồ Nhà kho","🔥 Có những món đồ xưa, đồ cổ, đồ độc bản không phải cứ có tiền là sở hữu được.
Với nhiều người, đó chỉ là những món đồ vô tri, chẳng mấy giá trị.
Nhưng với anh em yêu đồ xưa, mỗi món lại mang theo thời gian, ký ức và cái hồn của một thời đã qua.
Quý vật gặp quý nhân,
rất mong được giao lưu, chia sẻ cùng các anh, các bác đồng điệu.",0,"01/01/2026 21:14",https://www.facebook.com/donghonhakho.vn/posts/pfbid035pZ2GgXAAtSRbtgQxTofojNSNNMQg8RURpLJkf9YpxhzSAn4diixvbUUSXh6BvdEl,Ảnh,,"Trọn đời",31,--,0,0,0,41907,300,21,270,1,3,37966,54775,,
1462220475464966,100050310827163,"Đồng hồ Nhà kho","Những bạn bò đầu đàn luôn có sức hấp dẫn riêng
📍 37TT37 – Khu đô thị Văn Phú, Hà Đông, Hà Nội .
☎️ 𝟶𝟿𝟼𝟥•𝟜𝟝𝟞•𝟿𝟞𝟥
Em cảm ơn anh ạ!",0,"12/25/2025 04:40",https://www.facebook.com/donghonhakho.vn/posts/pfbid03519z8ixyGA2qP8Tc4Vu58oZh9VfmpDHZX62RziE13pzgxKsay1BvAjCnH549uKMul,Ảnh,,"Trọn đời",3,--,0,0,0,2946,18,0,14,0,1,2588,4235,,
1459069632446717,100050310827163,"Đồng hồ Nhà kho","Cần chút Tâm huyết + Mồ hôi. Thành quả hơn cả mong đợi. Nghề phục chế là vậy.
Không hoá chất, không phù phép, bao zin",0,"12/20/2025 21:01",https://www.facebook.com/donghonhakho.vn/posts/pfbid0BLsLQnbZnRuNF7RwF6PGfnHiubLnKdErFKnRJpJ1G7Wr2MiAEsbG7aVEBGw2xiQxl,Ảnh,,"Trọn đời",0,--,0,0,0,1545,6,-2,5,0,1,1357,2385,,
1458954015791612,100050310827163,"Đồng hồ Nhà kho","Có mấy cái bò đẹp mời ae",0,"12/20/2025 17:02",https://www.facebook.com/donghonhakho.vn/posts/pfbid034Y57CTns2RTWUWQ74tCQyPpwk1gzWhJ7SW8Kf472HUn7P33JbEdfSvDFFLDQEt22l,Ảnh,,"Trọn đời",2,--,0,0,0,2011,15,0,12,0,1,1820,3111,,
1457522972601383,100050310827163,"Đồng hồ Nhà kho","Nhờ FB chuyển anh em ngắm trước khi tháo Bảo dưỡng ah.",0,"12/18/2025 20:03",https://www.facebook.com/donghonhakho.vn/posts/pfbid02DeYKVdVYg9xznt4VVuTz4xt4z54AyiSBHai5BW1DkvXUbpvLuTAR859iKVp1DdKVl,Ảnh,,"Trọn đời",4,--,0,0,0,6542,46,-2,40,0,3,6084,9366,,
1452416683112012,100050310827163,"Đồng hồ Nhà kho","Đồng Hồ Công Sở Pháp – Thân Kim Loại, Nguyên Bản Cót Tuần- Mã số A687
💵:  1tr4
⭐️ Mẫu đồng hồ công sở Pháp thân kim loại nguyên khối, đường kính 30 cm – gọn gàng, bền bỉ, đúng chất đồ sử dụng trong trường học và nhà ga châu Âu.

✨ Giữ nguyên bản cốt tuần, máy ổn định; mặt số lớn dễ nhìn, kim đen nổi bật. Thân kim loại lên màu thời gian rất đẹp, mang phong cách công nghiệp cổ điển.

✨ Tổng thể liền lạc, chắc chắn – phù hợp décor phòng làm việc, phòng khách hoặc góc sưu tầm.

⭐ Một món đồ Pháp xưa đáng sở hữu: đơn giản, bền, giàu giá trị lịch sử.

☎️ 0963.456.963
🏠 Khu đô thị Văn Phú, Hà Đông, Hà Nội.

#dong_ho_co #dong_ho_cong_xa #dong_ho_phap #cot_tuan #dong_ho_kim_loai #dong_ho_xua #antique_clock #decor_vintage #suu_tam_do_co #dong_ho_cong_nghiep #retro_clock #dong_ho_decor #dong_ho_chau_au #gia_tri_suu_tam #clockcollector",0,"12/11/2025 19:05",https://www.facebook.com/donghonhakho.vn/posts/pfbid0YFY7dyXvZRW1rowcqjQog8amU3bwVoHrJuZU66CVxow9QzLzvZanqNcJ2pQSWjqDl,Ảnh,,"Trọn đời",2,--,0,0,0,1223,6,0,5,0,0,1078,1735,,
1445681523785528,100050310827163,"Đồng hồ Nhà kho","Mấy kiểu show các bác ngắm trước khi bảo dưỡng. Nói KHÔNG với nâng dựng chế độ. Mời anh em yêu đồ xưa
Gọi em 𝟶𝟿𝟼𝟥•𝟜𝟝𝟞•𝟿𝟞𝟥",0,"12/03/2025 00:52",https://www.facebook.com/donghonhakho.vn/posts/pfbid02hx5URvuxzwahbypHgFnaABJ4ou8rtc5fTidS1a7rHBvNo4e6ghZksLrZBqbEunxvl,Ảnh,,"Trọn đời",5,--,0,0,0,4079,44,1,39,1,1,3826,6062,,
1445571413796539,100050310827163,"Đồng hồ Nhà kho","Ae đưa yêu cầu và ngân sách. Còn lại Nhà kho TV lo ạ",0,"12/02/2025 20:52",https://www.facebook.com/donghonhakho.vn/posts/pfbid028GXYpcDSKr2omMMJ1R48FoS8tAmh9o8zwCQ25WaEV3NHPSe94AKYtko25aenYPfol,Ảnh,,"Trọn đời",16,--,0,0,0,5113,46,-2,33,0,1,4725,8328,,
1441600634193617,100050310827163,"Đồng hồ Nhà kho","Số 87 – Chuông Cửa Pháp Cổ – Nguyên Bản, Nhẹ Nhàng, Thanh Lý Giá Hấp Dẫn

🕰️ Một chiếc chuông cửa Pháp cổ nguyên bản, thiết kế gọn và tinh tế đúng chất đồ châu Âu xưa. Âm chuông nhẹ nhàng – thanh – dễ nghe, vang vừa đủ để tạo cảm giác ấm áp cho không gian.

✨ Chất liệu đẹp, chi tiết còn sắc, thớ kim loại lên màu thời gian rất sang.
Tổng thể giữ nguyên bản, liền lạc, phù hợp cho anh em chơi đồ cổ hoặc décor phong cách vintage – châu Âu.

Thanh lý giá hấp dẫn, một món nhỏ nhưng giá trị sưu tầm cao, dễ trưng bày và rất giàu cảm xúc.

#chuong_cua_phap #do_co_chau_au #chuong_cua_co #do_xua #antique_bell #decor_chau_au #do_co_suu_tam #antique_collection #chuong_nhe_nhang #thanh_ly_do_co #gia_tot #gia_tri_suu_tam",19,"11/27/2025 07:17",https://www.facebook.com/reel/823757853770752/,"Thước phim",,"Trọn đời",182,+271.6x,0,0,0,83178,618,149,437,13,11,80509,103406,9.712,789639.136
1441372734216407,100050310827163,"Đồng hồ Nhà kho","130 cm chất liệu đồng
💵:  29tr",0,"11/27/2025 00:38",https://www.facebook.com/donghonhakho.vn/posts/pfbid02AorNE1MQhEyfeh6j9g7fvxnQwJKgcumEfnpP7aKu6AyE3Upi1yrdkskaTUFkDCfSl,Ảnh,,"Trọn đời",6,--,0,0,0,2851,25,1,20,0,1,2538,4243,,
1441189374234743,100050310827163,"Đồng hồ Nhà kho","Chuông đồng xưa châu Âu",0,"11/26/2025 18:11",https://www.facebook.com/donghonhakho.vn/posts/pfbid0FHfRx98Jt2GWA2ri1ZED5HF4F48XXdzjNKjVjmV1FDJTUhnTqqeE2FwUC9K7MUPml,Ảnh,,"Trọn đời",44,--,0,0,0,22205,83,3,38,1,1,21144,28469,,
1440542077632806,100050310827163,"Đồng hồ Nhà kho","Chuông chén",10,"11/25/2025 21:54",https://www.facebook.com/reel/1348741113615329/,"Thước phim",,"Trọn đời",49,+285.9x,0,0,0,226065,4886,620,4623,251,315,206856,343375,9.151,1998340.935
1440342800986067,100050310827163,"Đồng hồ Nhà kho","Mem xanh 20cm mời ae",0,"11/25/2025 15:15",https://www.facebook.com/donghonhakho.vn/posts/pfbid0AZYd7Sjzfv62HnSHvBL6MnGcDdEnbAPdyGSenaiG5ZYFF4D25BTQwHo3qbWJeQasl,Ảnh,,"Trọn đời",8,--,0,0,0,4595,26,0,17,0,1,4440,6231,,
1438919111128436,100050310827163,"Đồng hồ Nhà kho","Bộ Bình Trà Bavaria Đức – Mạ Vàng 22 Karat, Tranh Tình Nhân Sang Trọng- Mã số X369
💵:  4tr8
🔹Bộ gồm đầy đủ ấm trà, bình sữa, hũ đường và 6 tách kèm đĩa đồng bộ – tổng thể hài hòa, rất hợp để trưng bày trong phòng khách hoặc sử dụng khi tiếp khách theo phong cách châu Âu cổ.

🔹Mỗi món đều được phủ vàng 22 Karat, bề mặt sáng bóng, soi ánh đèn lên là nổi hẳn độ sang. Tranh đôi tình nhân quý tộc được in sắc nét trên nền men trắng ngà – bố cục kiểu Rococo mềm mại, chuẩn phong cách Bavaria Đức xưa.

🔹Dáng ấm uốn cong thanh lịch, vòi cao mềm, quai tạo hình cổ điển. Hũ đường phom bầu duyên dáng, bình sữa dáng cao gọn, tách trà loe nhẹ kèm đĩa viền mạ vàng dày – nhìn vào là thấy ngay sự chỉn chu và tinh tế của đồ gốm sứ Đức thủ công.

🌿 Một bộ trà cổ đẹp, dễ trưng – men mạ vàng còn bóng rõ, tranh sắc nét, rất thích hợp cho các bác sưu tầm hoặc làm điểm nhấn trong không gian châu Âu.

☎️ 0963.456.963
🏠 Khu đô thị Văn Phú, phường Phú La, quận Hà Đông, Hà Nội.

#bo_tra_bavaria #bo_tra_duc #gom_su_duc
#bo_binh_tra_co #am_tra_co #bo_tra_suu_tam
#do_co_chau_au #do_suu_tam #bo_tra_dep",0,"11/23/2025 18:30",https://www.facebook.com/donghonhakho.vn/posts/pfbid02F3Mcmbzmfqxw3DXfdTNnwHsRjKf98jpMqfT1CADjerKBbLeUapfHvJUiZdisKyWSl,Ảnh,,"Trọn đời",0,--,0,0,0,523,0,0,0,0,0,473,785,,
1436676694686011,100050310827163,"Đồng hồ Nhà kho","Bánh xe thoát (escape wheel) là một trong những linh kiện quan trọng nhất trong bộ máy đồng hồ cơ, đặc biệt trong đồng hồ quả lắc và đồng hồ cổ như Ô đô, Junghans, Kienzle…

🔧 Bánh xe thoát là gì?

Bánh xe thoát là bánh răng cuối cùng của hệ truyền động trước khi truyền lực sang cò thoát.
Nó có nhiệm vụ:
 • Giữ nhịp cho đồng hồ
 • Chia nhỏ lực cót thành các xung đều đặn
 • Tạo tiếng “tick–tock” khi phối hợp với cò thoát
 • Điều tiết tốc độ chạy của toàn bộ bộ máy

🔍 Đặc điểm của bánh xe thoát
 • Có hình dạng đặc biệt: răng nhọn – mỏng – nghiêng
 • Quay từng nấc một, không quay trơn như các bánh răng khác
 • Chịu lực ma sát lớn nên yêu cầu độ chính xác rất cao",22,"11/21/2025 01:16",https://www.facebook.com/reel/886581663795704/,"Thước phim",,"Trọn đời",97,+328.2x,0,0,0,913091,8205,1037,8384,260,167,876127,1327886,17.649,15737803.673
1436611561359191,100050310827163,"Đồng hồ Nhà kho","Bộ Bình Trà Đức Tranh Tình Nhân Mạ Vàng Sang Trọng – Mã X368
💵:  4tr7
🔹Bộ gồm ấm trà, bình sữa, hũ đường và 6 tách kèm đĩa đồng bộ – rất hợp trưng bày hoặc thưởng trà phong cách châu Âu cổ.

🔹Tranh đôi tình nhân quý tộc in sắc nét trên nền men ngà ấm, điểm xuyết họa tiết Rococo thanh lịch – nhìn vào là thấy ngay chất cổ điển Đức xưa.

🔹Viền vàng phủ bóng dày, sáng rõ trên quai, nắp và viền đĩa. Dáng vòi cong mềm, quai uốn thanh thoát, tách trà loe nhẹ đẹp mắt – tổng thể hài hòa và sang trọng.

🌿 Một bộ trà cổ dễ chơi, dễ trưng, giữ men đẹp – rất đáng để các bác sưu tầm.

☎️ 0963.456.963
🏠 Khu đô thị Văn Phú, phường Phú La, quận Hà Đông, Hà Nội.

#bo_tra_duc #bo_binh_tra_co #gom_su_duc #do_co_chau_au
#am_tra_co #bo_tra_suu_tam #bo_tra_dep #do_suu_tam",0,"11/20/2025 23:27",https://www.facebook.com/donghonhakho.vn/posts/pfbid0BgJpYrwT2xPLfuLSp6ZiSTDpKvM9tn53oKEehGRHWTrYhZhUtPKaP1NDfKhvbmG7l,Ảnh,,"Trọn đời",2,--,0,0,0,773,5,0,3,0,0,686,1092,,
1435773278109686,100050310827163,"Đồng hồ Nhà kho","Đồng Hồ Tháp Chuông – Hãng Niot – Một Dòng Đồng Hồ Cổ Hiếm Gặp, Dáng Tháp Đặc Trưng

🕰️ Đồng hồ tháp chuông hãng Niot là một trong những mẫu đồng hồ cổ châu Âu có thiết kế rất đặc trưng: dáng tháp đứng, mặt số lớn, bố cục mạnh mẽ và mang hơi thở của những tháp chuông nhà thờ thu nhỏ.

✨ Đặc điểm nổi bật của đồng hồ tháp chuông Niot:
– Dáng tháp cao, chia tầng rõ rệt, tạo cảm giác uy nghi như một mô hình tháp chuông thu nhỏ
– Mặt số to, dễ nhìn, thường đi kèm họa tiết cổ điển
– Máy Niot chạy ổn định, bền, thiết kế chắc tay
– Âm thanh vang, thẳng tiếng, mang phong cách chuông nhà thờ rất đặc trưng

💫 Những chiếc Niot tháp chuông thường khá hiếm trên thị trường vì được sản xuất với số lượng ít, chủ yếu phục vụ giới yêu thích thiết kế tháp châu Âu hoặc trưng bày trong các không gian cổ – sang.

🌟 Kết luận:
Đồng hồ tháp chuông Niot là dòng đồng hồ cổ độc đáo, hình thức đẹp, mang đậm phong cách kiến trúc châu Âu, rất phù hợp cho anh em yêu thích những mẫu đồng hồ lạ – hiếm – mang giá trị sưu tầm cao.",140,"11/20/2025 03:00",https://www.facebook.com/reel/1177089630457941/,"Thước phim",,"Trọn đời",74,+2542.2x,0,0,0,117685,1053,148,968,39,24,106396,125695,37.711,4287544.195
1435545714799109,100050310827163,"Đồng hồ Nhà kho","Bộ Bình Trà Bavaria Đức – Họa Tiết Đôi Tình Nhân Cổ Điển, Viền Vàng Sang Trọng- Mã số X367
💵:  4tr8
🔹Bộ gồm đầy đủ ấm trà, bình sữa, hũ đường và 6 tách kèm đĩa kê – tất cả đồng bộ một họa tiết, rất phù hợp cho các bác yêu phong cách cổ điển hoặc trưng bày trong không gian phòng khách sang trọng.

🔹Điểm nhấn là cảnh đôi tình nhân châu Âu cổ được in sắc nét trên nền men ngà ấm. Trang phục quý tộc, tiểu cảnh sân vườn và bố cục kiểu Rococo tạo nên vẻ đẹp tinh tế, nhẹ nhàng và đậm chất nghệ thuật Bavaria.

🔹Viền vàng phủ bóng dày, nổi bật dưới ánh sáng – từ quai cầm, viền miệng đến nắp ấm – thể hiện rõ sự chỉn chu trong chế tác đồ sứ Đức xưa. Dáng vòi cong mềm, quai uốn thanh thoát, thân bình cân đối và cực kỳ hài hòa.

🔹Dáng ấm cao thanh lịch, thân bầu gọn, nắp chóp vàng sang trọng. Tách trà miệng loe nhẹ, đế bo gờ nổi mềm mại, đĩa kê viền vàng đồng bộ – tổng thể trang nhã, đẹp mắt và rất hợp cho những buổi thưởng trà tinh tế.

🌿 Một bộ trà vừa dùng được, vừa trưng bày rất đẹp – mang lại vẻ cổ điển, ấm cúng và đậm chất sưu tầm cho không gian của các bác yêu đồ xưa.

☎️ 0963.456.963
🏠 Khu đô thị Văn Phú, phường Phú La, quận Hà Đông, Hà Nội.

#bo_tra_duc #bo_binh_tra_co #gom_su_duc #do_co_chau_au
#bo_tra_suu_tam #am_tra_duc #am_tra_co #do_suu_tam
#bo_tra_dep #bo_tra_nghe_thuat #bo_tra_sang_trong",0,"11/19/2025 19:13",https://www.facebook.com/donghonhakho.vn/posts/pfbid02sTG61ZRQe6uaQFx4WWBv7dizGyZKTRG9NYMJFWmMTQexnfXyKjZmevht5st3yTQel,Ảnh,,"Trọn đời",0,--,0,0,0,658,2,0,1,1,0,572,1019,,
1435465848140429,100050310827163,"Đồng hồ Nhà kho","Peerless (Pierless) – Thương Hiệu Cơ Khí Chuông Cổ Hiếm Gặp, Giá Trị Sưu Tầm Rất Cao

🕰️ Peerless là một trong những thương hiệu cơ khí chuông – đồng hồ công nghiệp cổ nổi tiếng của châu Âu đầu thế kỷ XX. Dòng máy này từng xuất hiện nhiều trong nhà thờ, công xưởng và các tòa kiến trúc cổ, nơi cần độ bền – độ chính xác – và khả năng hoạt động liên tục suốt nhiều thập kỷ.

✨ Điểm mạnh của Peerless nằm ở cấu trúc cơ khí chắc chắn:
– Bánh răng lớn, thép dày, lực kéo khỏe
– Các trục xoay cân đối, chịu mài mòn cao
– Hoạt động bền bỉ trong môi trường rung, gió và ẩm
Chính vì vậy Peerless trở thành một cái tên mà giới chơi cơ khí cổ thường săn tìm.

Dòng này hiện ngày càng hiếm, đặc biệt những bộ cơ nguyên bản còn đầy đủ chi tiết. Với anh em sưu tầm đồ cơ, chuông, đồng hồ công nghiệp xưa, Peerless luôn thuộc nhóm “đáng mang về” nhờ giá trị trưng bày và giá trị lịch sử rất cao.

#peerless #dong_ho_co #co_khi_co #co_chuong #nha_tho_co #may_cong_nghiep_xua #do_co_suu_tam #dong_ho_xua #co_khi_chinh_xac #gioi_choi_dong_ho #chuong_co #dong_ho_cong_nghiep #do_co_hiếm #dong_ho_decor #gia_tri_suu_tam",30,"11/19/2025 16:28",https://www.facebook.com/reel/818159011017615/,"Thước phim",,"Trọn đời",63,+248.9x,0,0,0,1270806,5423,783,5352,256,182,828373,1108957,9.44,8177707.491
1434780454875635,100050310827163,"Đồng hồ Nhà kho","Bộ Bình Trà Bavaria Đức – Tranh Cảnh Châu Âu Cổ, Viền Vàng Sang Trọng- Mã số X366
💵:  4tr8
🔹Bộ gồm đầy đủ ấm trà, bình sữa, hũ đường và 6 tách kèm đĩa kê – tất cả đồng bộ họa tiết, rất phù hợp cho các bác yêu sưu tầm hoặc trưng bày trong phòng khách sang trọng.

🔹Điểm nhấn nằm ở các tranh cảnh châu Âu cổ được in tinh xảo trên nền men ngà ấm. Họa tiết hoa văn xoắn cổ điển chạy quanh thân và miệng tạo cảm giác mềm mại, thanh tao – đúng phong cách Bavaria truyền thống.

🔹Viền vàng được phủ dày và bóng, nổi sắc dưới ánh sáng, thể hiện đúng tinh thần chế tác thủ công của đồ sứ Đức xưa. Quai cầm và vòi ấm được vuốt mềm, dáng dứt khoát và cực kỳ cân đối.

🔹Dáng ấm cao, thân bầu tròn gọn, nắp chóp vàng sang trọng; tách uống trà có miệng loe nhẹ, đĩa kê bo viền đồng bộ – tổng thể hài hòa, đẹp mắt và rất hợp cho những buổi thưởng trà tinh tế.

🌿 Một bộ trà vừa dùng được, vừa trưng bày đẹp – giúp không gian thêm cổ điển, ấm cúng và đậm chất sưu tầm của các bác yêu đồ xưa.

☎️ 0963.456.963
🏠 Khu đô thị Văn Phú, phường Phú La, quận Hà Đông, Hà Nội.

#bo_tra_duc #bo_binh_tra_co #gom_su_duc #do_co_chau_au
#bo_tra_suu_tam #am_tra_duc #am_tra_co #do_suu_tam
#bo_tra_dep #bo_tra_nghe_thuat #bo_tra_sang_trong",0,"11/18/2025 18:22",https://www.facebook.com/donghonhakho.vn/posts/pfbid0eN2uf53TtYnygqBVuE2hctinXKLXoNsWe38xGEgaCAdSYjZ6ou4uaXjQGWanARfWl,Ảnh,,"Trọn đời",0,--,0,0,0,663,1,0,1,0,0,607,980,,
1433433348343679,100050310827163,"Đồng hồ Nhà kho","Bộ Bình Trà Đức Mạ Vàng – Họa Tiết Hoa Hồng Cổ Điển, Sang Trọng- Mã số X363
💵:  4tr8
✨ Một bộ bình trà Đức tuyệt đẹp, nổi bật với lớp mạ vàng óng ánh phủ đều toàn bộ bề mặt – sang trọng, nổi bật và mang đúng tinh thần nghệ thuật gốm Đức. Mỗi món trong bộ đều được đính họa tiết hoa hồng cổ điển – tông hồng, tím, vàng in sắc nét trên nền men trắng, tạo điểm nhấn mềm mại giữa nền vàng rực rỡ.

🔹 Bộ đầy đủ gồm: ấm trà dáng cao thanh, hũ đường nắp khoen, bình sữa và 6 tách kèm đĩa – đồng bộ hoàn toàn, rất cân đối khi bày trên bàn trà.
🔹 Họa tiết hoa hồng được đặt trong “ô men trắng” nổi bật giữa nền vàng, khiến bố cục hài hòa, sang mà không bị chói.
🔹 Tách trà dáng loe nhẹ, viền miệng bo mềm, tay cầm uốn cong đều – tạo cảm giác thanh thoát và rất hợp gu người chơi đồ sứ Đức.
🔹 Ấm trà cao thon, vòi rót cong tự nhiên, nắp chóp khoen tròn cân xứng.

🌿 Một bộ bình trà mang vẻ đẹp lộng lẫy nhưng tinh tế – rất hợp trưng bày phòng khách, bàn trà cổ, tủ kính hoặc làm quà tặng sang trọng. Ai yêu đồ sứ Đức và phong cách châu Âu cổ chắc chắn sẽ mê ngay từ lần đầu nhìn thấy.

☎️ 0963.456.963
🏠 Khu đô thị Văn Phú, phường Phú La, quận Hà Đông, Hà Nội.

#bo_binh_tra #bo_tra_duc #gom_su_duc #binh_tra_ma_vang #am_tra_dep #bo_tra_chauau #bo_tra_sang_trong #do_suu_tam #tra_dao #phong_cach_co_dien",0,"11/17/2025 00:08",https://www.facebook.com/donghonhakho.vn/posts/pfbid0R7daF6jBsxNRW1unHwZLYbi9MDQsc9j6hGSVQbuvMwnMseSUL2Rp64gaGGa6D29kl,Ảnh,,"Trọn đời",0,--,0,0,0,493,0,0,0,0,0,449,690,,
1433232005030480,100050310827163,"Đồng hồ Nhà kho","Đồng Hồ Mặt Men – 8 Côn 8 Búa, Chơi Con Vòng – Nguyên Bản, Hình Thức Đẹp, Giá Trị Sưu Tầm Cao

🕰️ Một chiếc đồng hồ mặt men hiếm gặp, cấu hình 8 côn – 8 búa, chơi con vòng truyền thống, tiếng chuông tròn – vang – rất dễ nghe.
✨ Mặt men trắng sáng, chữ số đen rõ nét, kim thanh mảnh; viền mặt sắc gọn tạo cảm giác sang trọng và cổ điển.
💫 Thùng gỗ dáng lớn, cân đối, các đường bo mềm mại; kính sáng trong, tổng thể hài hòa – đẹp mắt – đúng chất đồng hồ lớn cổ điển.
🎶 Âm thanh trầm – vang – ấm, nhịp rõ ràng, đúng chất 8×8 nguyên bản, rất được giới sưu tầm yêu thích.
🌟 Một chiếc đồng hồ nguyên bản – hình thức đẹp – kích thước lớn, phù hợp để trưng bày nổi bật và mang giá trị sưu tầm cao cho anh em chơi lâu năm.

#dong_ho_mat_men #dong_ho_8_con_8_bua #dong_ho_con_vong #dong_ho_co #dong_ho_dep #dong_ho_suu_tam #dong_ho_lien_quan #dong_ho_chau_au #dong_ho_thu_vien #gioi_choi_dong_ho",13,"11/16/2025 17:16",https://www.facebook.com/reel/2914598228928778/,"Thước phim",,"Trọn đời",113,+177.2x,0,0,0,77613,858,149,740,14,12,74384,101569,7.202,543870.254
1431933958493618,100050310827163,"Đồng hồ Nhà kho","Bộ Bình Trà Bavaria Đức – Hoa Nhỏ Pastel Thanh Nhã, Dáng Thon Tinh Tế- Mã số X362
💵:  4tr4
✨ Một bộ bình trà Bavaria Đức tuyệt đẹp, nổi bật với tông men ngà dịu nhẹ và họa tiết hoa nhỏ pastel hồng – vàng – xanh in tinh xảo quanh thân. Phong cách nhẹ nhàng, thanh lịch, mang đúng tinh thần gốm Đức cổ điển thế kỷ XX.

🔹Bộ gồm đầy đủ: ấm trà dáng cao thon, hũ đường nắp khoen mềm, bình sữa và 6 tách kèm đĩa – đồng bộ, cân đối và rất chuẩn form Bavaria.
🔹Hoa văn in theo dải mảnh chạy quanh miệng và thân tách, màu pastel loang nhẹ tạo cảm giác mềm mại, duyên dáng, nhìn vào là thấy ngay sự tinh tế và sạch sẽ.
🔹Tay cầm uốn cong mềm, viền miệng bo chỉ vàng nhạt nhẹ nhàng; form tách hơi loe, dáng sâu – đúng kiểu thiết kế mà giới sưu tầm đồ sứ Đức rất yêu thích.
🔹Ấm cao thon, vòi rót nhẹ, nắp chóp có khoen cong hình lá – tạo dáng hiện đại nhưng vẫn giữ nét cổ rất duyên.

🌿 Một bộ bình trà mang hơi thở mộc mạc nhưng tinh tế, hợp trưng ở phòng khách, bàn trà cổ, hoặc làm quà tặng sang trọng. Ai yêu phong thái Đức nhẹ nhàng chắc chắn sẽ mê ngay từ cái nhìn đầu tiên.

☎️ 0963.456.963
🏠 Khu đô thị Văn Phú, phường Phú La, quận Hà Đông, Hà Nội.

#bo_binh_tra #bo_tra_bavaria #gom_su_duc #phong_cach_co_dien #am_tra_dep #bo_tra_chauau #do_suu_tam #tra_dao #bo_tra_sang_trong",0,"11/15/2025 00:44",https://www.facebook.com/donghonhakho.vn/posts/pfbid02EL5Gdm4ruTgiYcUi8cx2VSAK8n3H4KPUpvqtaogx4eygVd3YJMTYuQUuWdbi76e3l,Ảnh,,"Trọn đời",0,--,0,0,0,527,2,0,2,0,0,478,744,,
1431890231831324,100050310827163,"Đồng hồ Nhà kho","Bộ Bình Trà Bavaria Đức – Mạ Vàng Bóng Gương, Họa Tiết Cổ Điển Đậm Chất Sưu Tầm- Mã số X361
💵:  4tr8
✨ Một bộ bình trà Bavaria Đức vô cùng nổi bật với lớp mạ vàng sáng, soi bóng sắc nét – kiểu hoàn thiện sang trọng rất đặc trưng của đồ sứ Đức thế kỷ XX. Trên thân mỗi món đều có tranh cổ điển “đôi nam nữ” in men màu, viền khung Baroque mềm mại, tạo nên vẻ đẹp quý phái và đậm chất sưu tầm.

🔹Bộ gồm ấm trà – hũ đường – bình sữa – 6 tách và 6 đĩa kê, đầy đủ, đồng bộ, trưng lên bàn là sáng cả góc phòng.
🔹Họa tiết tranh cổ được in thủ công, màu sắc tách bạch, đường viền vàng chạy quanh mép miệng, quai cầm và chân tách rất tinh tế.
🔹Tay cầm uốn cong mềm, tạo điểm nhấn liền lạc với phần thân bo tròn; nắp bình chóp nhọn có khoen cầm xoắn – đúng phong cách thiết kế cổ điển Đức.
🔹Form tách dáng sâu, đĩa kê viền vàng bản lớn, đặt vào là nổi bật ngay; ấm trà thân cao thon, cổ thắt nhẹ – tổng thể sang, gọn, rất hài hòa khi bày bộ.

🌿 Bộ bình trà mang vẻ đẹp cổ điển – sang trọng – nổi bật ánh vàng, thích hợp trưng phòng khách, làm quà biếu hoặc thêm vào góc sưu tầm gốm sứ châu Âu của các bác. Nhìn lấp lánh mà vẫn rất tinh tế – đúng chất Bavaria xưa.

☎️ 0963.456.963
🏠 Khu đô thị Văn Phú, phường Phú La, quận Hà Đông, Hà Nội.

#bo_binh_tra #bo_tra_co #gom_su_chau_au #phong_cach_co_dien #am_tra_dep #bo_tra_chauau #do_suu_tam #tra_dao #bo_tra_sang_trong",0,"11/14/2025 23:21",https://www.facebook.com/donghonhakho.vn/posts/pfbid0251V3kZ8TUf9YZRhsEbJpg6c4BUN6BZK9BQASUBXZdw3BKFheXAaaf3jDSJcKQGGJl,Ảnh,,"Trọn đời",0,--,0,0,0,506,1,0,1,0,0,473,720,,
1430360805317600,100050310827163,"Đồng hồ Nhà kho","Bộ Bình Trà Châu Âu Dáng Ngắn, Nhỏ Gọn Mà Sang Trọng- Mã số X358
💵:  4tr8
✨ Một bộ bình trà châu Âu dáng ngắn rất đẹp, nổi bật với tông đỏ tím kết hợp mạ vàng ánh gương – tạo cảm giác ấm cúng, sang trọng và bắt mắt. Phù hợp cho cả uống trà lẫn decor trưng bày.

🔹Bộ gồm ấm trà dáng lùn, hũ đường, bình sữa và 6 tách kèm đĩa – đầy đủ, đồng bộ, nhìn rất cân đối.
🔹Thân bình và tách được chia mảng đỏ – trắng xen kẽ, điểm họa tiết hoa ánh vàng vẽ nổi, tạo chiều sâu và nét mềm mại rất đặc trưng của đồ gốm châu Âu.
🔹Tay cầm bo cong mềm, miệng tách loe nhẹ; form đĩa kê bo góc uốn lượn – tạo tổng thể hài hòa và duyên dáng.
🔹Lớp mạ vàng bóng rõ, ánh lên đẹp khi đặt dưới ánh đèn hoặc ánh nắng, mang phong thái quý tộc nhưng không quá cầu kỳ.

🌿 Bộ trà dáng ngắn này rất hợp để bày bàn trà phòng khách, tủ trưng bày, decor phong cách vintage – châu Âu. Nhỏ gọn, ấm áp, nhìn là thấy sự chỉn chu và gu thẩm mỹ tinh tế của gia chủ.

☎️ 0963.456.963
🏠 Khu đô thị Văn Phú, phường Phú La, quận Hà Đông, Hà Nội.

#bo_binh_tra #bo_tra_chau_au #gom_su_co #am_tra_dep #do_suu_tam #bo_tra_sang_trong #tra_dao #phong_cach_au_chau",0,"11/13/2025 00:28",https://www.facebook.com/donghonhakho.vn/posts/pfbid02XqwtvDFYSTJ1j9fU3a8z6tzVrkjZa4JX6zreWockYiF2wLhGLxb5cLUcFdw3dM1Pl,Ảnh,,"Trọn đời",0,--,0,0,0,414,1,0,1,0,0,366,593,,
1430238271996520,100050310827163,"Đồng hồ Nhà kho","Bộ Bình Trà Họa Tiết Rồng – Thanh Lịch, Uy Nghi Và Đậm Chất Nghệ Thuật- Mã số X354
💵:  3tr9
✨ Một bộ bình trà cổ mang họa tiết rồng đắp -nổi hiếm gặp, thể hiện sự tinh xảo và phong thái sang trọng trong từng chi tiết. Nền men ngà sáng, phủ mịn, đều màu, tạo cảm giác ấm áp và cổ điển đúng chất gốm nghệ thuật.

🔹Bộ gồm ấm trà, hũ đường, bình sữa và 6 tách kèm đĩa – đầy đủ, cân đối và đồng bộ.
🔹Họa tiết rồng uốn lượn được đắp nổi thủ công: thân rồng mềm mại, đường vảy nổi rõ, dáng bay giữa mây mang ý nghĩa may mắn – thịnh vượng. Màu pastel xanh – xám – hồng được tô nhẹ, rất tinh tế và nhã nhặn.

🔹Tay cầm và viền miệng điểm vàng ánh nhẹ, giữ đúng phong cách quý tộc châu Âu.
🔹Form ấm cao, vòi cong thon, đĩa kê bo góc mềm, tách uống có gờ nổi – tất cả tạo nên tổng thể thanh lịch và hài hòa.

🌿 Bộ trà mang giá trị nghệ thuật cao, phù hợp để trưng bày, làm quà tặng hoặc sưu tầm – vừa đẹp, vừa mang biểu tượng tốt lành cho gia chủ.

☎️ 0963.456.963
🏠 Khu đô thị Văn Phú, phường Phú La, quận Hà Đông, Hà Nội.

#bo_binh_tra #bo_tra_rong #gom_su_chau_au #bo_tra_co #do_suu_tam #am_tra_dep #bo_tra_nghe_thuat #tra_dao #bo_tra_sang_trong",0,"11/12/2025 20:30",https://www.facebook.com/donghonhakho.vn/posts/pfbid0Mw4oJbE4wHTQk5QUPJjVj4xGGqgXELdT3LVZxYYTaCaqKdXX15dVh7pC8rhZj4MPl,Ảnh,,"Trọn đời",0,--,0,0,0,375,0,0,0,0,0,324,516,,
1427885802231767,100050310827163,"Đồng hồ Nhà kho","Bộ Bình Trà Đức Cổ – Thanh Lịch Và Đậm Chất Âu Châu -Mã số:X350
💵:  4tr8
✨ Một bộ bình trà mang đậm phong cách cổ điển Đức, toát lên vẻ tinh tế và sang trọng qua từng chi tiết.
🔹Bộ gồm ấm trà, ly tách, bình sữa và đĩa kê – tất cả được chế tác từ gốm sứ cao cấp, phủ men sáng bóng, hoa văn in nổi thủ công tinh xảo.

🔹Họa tiết chủ đạo là hoa lá uốn lượn theo phong cách Rococo, điểm vàng ánh nhẹ quanh miệng bình và quai cầm, thể hiện đẳng cấp quý tộc châu Âu đầu thế kỷ XX.
🔹Tay cầm và nắp bình được thiết kế bo cong mềm mại, vừa tiện dụng vừa giữ trọn vẻ duyên dáng cổ điển.
🔹Nước men ngà đặc trưng cùng sắc hoa pastel dịu nhẹ mang lại cảm giác thanh tao, hoài cổ – lý tưởng để thưởng trà, đàm đạo hoặc trưng bày trong không gian sưu tầm cổ.

🌿 Bộ trà này không chỉ là vật dụng, mà còn là tác phẩm nghệ thuật mang hồn Đức, lưu giữ tinh thần thanh lịch và chuẩn mực của châu Âu xưa.
☎️ 0963.456.963 
🏠 Địa chỉ:khu đô thị Văn Phú, phường  Phú La , quận Hà Đông, Hà Nội. 
#bo_tra_duc #bo_binh_tra_co #do_co_chau_au #gom_su_duc #bo_tra_co_dien #bo_tra_suu_tam #tra_cu_chau_au #am_tra_duc #am_tra_co #do_suu_tam #tra_dao #bo_tra_dep #bo_tra_nghe_thuat #do_co_dep #bo_tra_sang_trong",0,"11/10/2025 01:27",https://www.facebook.com/donghonhakho.vn/posts/pfbid027P685v6VDzWvGhSnufs6fPSxez6LxaJyyR37D4R6N1sNg9F1mpPfuEmiwgUvstKfl,Ảnh,,"Trọn đời",0,--,0,0,0,792,2,1,2,0,0,724,1108,,
1423840219302992,100050310827163,"Đồng hồ Nhà kho","Âm thanh ngân nga",10,"11/05/2025 06:54",https://www.facebook.com/reel/886268983943217/,"Thước phim",,"Trọn đời",45,+90.7x,0,0,0,68159,815,125,738,29,33,50502,108076,9.259,614882.63
1423476589339355,100050310827163,"Đồng hồ Nhà kho","Đồng Hồ Tượng Pháp – Tích Europa Và Con Bò Trắng | Biểu Tượng Tình Yêu Thần Thoại Hy Lạp

🕰️ Hôm nay em xin mời anh em chiêm ngưỡng một tuyệt phẩm đồng hồ tượng Pháp thế kỷ XIX – tái hiện tích “Europa và con bò trắng”, một trong những câu chuyện tình nổi tiếng nhất trong thần thoại Hy Lạp.

✨ Theo truyền thuyết, thần Zeus – vị vua của các vị thần – đem lòng say mê nàng Europa, công chúa xứ Phoenicia. Ngài hóa thân thành một con bò trắng hiền lành, đến gần và khiến nàng say mê vẻ đẹp của nó. Khi Europa ngồi lên lưng bò, Zeus liền đưa nàng vượt biển đến đảo Crete, mở đầu cho huyền thoại về châu Âu – “Europe” cũng chính là tên nàng.

🌿 Tác phẩm thể hiện trọn vẹn vẻ đẹp mềm mại của phong cách Rococo Pháp, với ba tầng tượng bố cục cân đối:
 • Nàng Europa nhẹ nhàng vuốt ve con bò thần, biểu cảm đầy cảm xúc.
 • Con bò đen patina uy nghi, tương phản với lớp mạ vàng sáng bóng.
 • Bé thần tình yêu Eros đứng bên, tượng trưng cho mối tình định mệnh giữa Zeus và Europa.

💫 Tổng thể tác phẩm được chế tác bằng đồng mạ vàng và đồng đen nguyên bản, đường nét tinh xảo, thớ đúc mềm mại, thể hiện trình độ nghệ thuật và kỹ thuật đỉnh cao của nước Pháp giai đoạn thế kỷ XIX.
Đây không chỉ là một chiếc đồng hồ cổ, mà còn là một câu chuyện tình thần thoại hóa thân thành nghệ thuật, mang đậm giá trị sưu tầm và thẩm mỹ.

#dong_ho_tuong_phap #dong_ho_co #dong_ho_chau_au #dong_ho_suu_tam #dong_ho_dep #dong_ho_co_phap #dong_ho_qua_lac #do_co_chau_au #tac_pham_dieu_khac #dong_ho_xua #gioi_suu_tam_dong_ho #dong_ho_nghe_thuat #nha_kho_tv",0,"11/04/2025 21:34",https://www.facebook.com/donghonhakho.vn/posts/pfbid028T1da4foSuGb2wLVTzhBtC2C2AUbPqHSk1kSgrwsP1LiXTq7FxcooPqQQM1hjgz3l,Ảnh,,"Trọn đời",12,--,0,0,0,6237,60,2,46,1,1,5671,8298,,
1422863159400698,100050310827163,"Đồng hồ Nhà kho","Bộ ấm trà Đức cổ – Sắc hồng hoàng gia, tinh tế và sang trọng -Mã số:X346
💵:  4tr2
👉Bộ bình trà Đức cổ này là một tuyệt phẩm mang đậm phong cách châu Âu thập niên 1950, được chế tác tinh xảo từ gốm sứ cao cấp với nước men bóng mịn và độ trong sáng hoàn hảo.
👉Tông hồng pastel phối trắng ngà xen họa tiết vàng hoàng gia uốn lượn mềm mại, tạo nên vẻ đẹp quý phái, đậm chất nghệ thuật cổ điển.

✨ Bộ trà gồm 1 bình trà lớn, 1 bình sữa, 1 hũ đường và 6 tách kèm đĩa lót, tất cả đều đồng bộ kiểu dáng uốn cong thanh lịch, tay cầm bo tròn duyên dáng.
👉Các đường viền và họa tiết được vẽ thủ công bằng vàng, thể hiện kỹ nghệ chế tác tinh tế của người Đức trong từng chi tiết nhỏ.

💫 Khi đặt trên bàn gỗ hay tủ trưng bày, bộ trà toát lên khí chất cổ điển, vừa mang nét hoài niệm, vừa thể hiện gu thẩm mỹ tinh tế của người sưu tầm.
👉Một bộ ấm trà vừa để thưởng thức, vừa để chiêm ngưỡng – đúng nghĩa “nghệ thuật trong đời sống”.
☎️ 0963.456.963 
🏠 Địa chỉ:khu đô thị Văn Phú, phường  Phú La , quận Hà Đông, Hà Nội. 
#am_tra_duc #bo_tra_co #gom_su_chau_au #do_co_chau_au #am_tra_dep #bo_am_tra_suu_tam #bo_am_tra_duc #am_tra_vintage #bo_tra_hoang_gia #am_tra_handmade #do_co_suu_tam #phong_cach_chau_au #do_suu_tam #giao_loo_xua",0,"11/04/2025 04:08",https://www.facebook.com/donghonhakho.vn/posts/pfbid02xstuJgTD7Tp32rxZzne2tm1wzH5kUNe1bCGNqR5FAo84va6QF3CJmc1GUkaGU1e2l,Ảnh,,"Trọn đời",0,--,0,0,0,622,0,0,0,0,0,544,901,,
1422466129440401,100050310827163,"Đồng hồ Nhà kho","Máy lớn chạy lắc mời ae",0,"11/03/2025 17:44",https://www.facebook.com/donghonhakho.vn/posts/pfbid0xGjL5QgqmoC7d1bYzLGqbKMDHVjHAbzGwCCazpduSkoWqbVk1uqDCS78Vndy9Vq4l,Ảnh,,"Trọn đời",15,--,0,0,0,7448,56,2,41,0,0,7222,10379,,
1420054289681585,100050310827163,"Đồng hồ Nhà kho","Đã giao lưu",0,"10/31/2025 22:57",https://www.facebook.com/donghonhakho.vn/posts/pfbid02Xa15bPRM4T4AjNEBGBLdc4xh33Z9RKJfez94uuio1EJTurYHKJ8dnAdtPitD8HZ1l,Ảnh,,"Trọn đời",44,--,0,0,0,13395,128,1,83,1,2,12514,19480,,
1416346360052378,100050310827163,"Đồng hồ Nhà kho","Đồng hồ tranh, tức là trong tranh có đồng hồ ạ",0,"10/27/2025 07:26",https://www.facebook.com/donghonhakho.vn/posts/pfbid0vKG8n5A72weL1UyMNEZhPWxSnoYwttBQedsreUaY9ME8ad5mqsXL8dcuVfVNJSpdl,Ảnh,,"Trọn đời",2,--,0,0,0,759,5,0,2,0,1,662,1106,,
1416335386720142,100050310827163,"Đồng hồ Nhà kho","Bộ máy đồng hồ tủ 8tr3 mời anh em.
Bao zin, chạy tốt. Gọi em 0888001500",0,"10/27/2025 07:12",https://www.facebook.com/donghonhakho.vn/posts/pfbid0Tp28RKWTJcGoS8oF7nTWkB6iFu7kPAVh7ir3ySAaG8F61zuMyJSFMR2XW2fVgd5pl,Ảnh,,"Trọn đời",6,--,0,0,0,3651,21,0,15,0,1,3282,5178,,
1416318300055184,100050310827163,"Đồng hồ Nhà kho","Anh em nhặt mẫu nào hú em ạ",0,"10/27/2025 06:48",https://www.facebook.com/donghonhakho.vn/posts/pfbid0g1bJBAoANT2G6ShnmX6esw9ECEC234wFCwyqvMaE276zUtGnJLhv813uTwHLuS2Tl,Ảnh,,"Trọn đời",28,--,0,0,0,7319,62,3,36,0,0,6704,9852,,
1416317680055246,100050310827163,"Đồng hồ Nhà kho","Bò trên 2tr chút mời anh em",0,"10/27/2025 06:47",https://www.facebook.com/donghonhakho.vn/posts/pfbid02WKVCr3v6TdwFvcnYWmAegT97rGhx1FJyECWRkfrArDiM9LUxK4H91zaisPjkjsjhl,Ảnh,,"Trọn đời",9,--,0,0,0,4407,33,1,24,0,0,4140,6145,,
1416317193388628,100050310827163,"Đồng hồ Nhà kho","Còn mấy con 9 que loại đẹp mời anh em chọn ạ",0,"10/27/2025 06:46",https://www.facebook.com/donghonhakho.vn/posts/pfbid032n516QWTmQFKGYqunAVcfgckyVNo5aW4N4w2sJt4mY6sbg4azCwNppsPzHZyv6tBl,Ảnh,,"Trọn đời",61,--,0,0,0,23820,185,13,128,0,1,22495,32155,,
1416180063402341,100050310827163,"Đồng hồ Nhà kho","Em còn mấy con bò lạc đàn mời anh em thương lái ạ. Giá bao tốt",0,"10/27/2025 03:18",https://www.facebook.com/donghonhakho.vn/posts/pfbid028nn7rkH1V4NiaU72TsndXLykMUsCuvdknbPUeDU3yBqcpsatkJ5Qs6PvxUz4qTKHl,Ảnh,,"Trọn đời",84,--,0,0,0,18046,162,9,80,0,1,16126,24554,,
