so_con,so_bua,so_bai_nhac,ten_ban_goc,thuong_hieu_goc,dac_diem_goc,trang_thai
8,8,1,westminsnter,đa phần,,CHO_XAC_MINH
8,8,2,westminster and clockch de comtoiser,"odo, girod",,CHO_XAC_MINH
5,5,1,westminsnter,,"vai bò, treo tường đánh mượn",CHO_XAC_MINH
5,8,1,westminsnter,"odo chủ yếu 1962, vedette, girod, junghans cổ",,CHO_XAC_MINH
6,8,1,westminsnter,odo 30 đánh mượn,,CHO_XAC_MINH
6,10,2,"westminsnter, sonodo",odo 24 sonodo,,CHO_XAC_MINH
9,9,1,fonteynoy,fontenoy,,CHO_XAC_MINH
10,10,1,avemaria loudes,"pháp, đức",,CHO_XAC_MINH
10,10,2,westminster and gai carillon,odo,,CHO_XAC_MINH
10,10,2,"westminster, avemaria fatima",Regula dora bồ đào nha,,CHO_XAC_MINH
10,10,3,Angelus,,,CHO_XAC_MINH
10,11,2,"westminster, avemaria loudes","pháp, đức, phổ biến",,CHO_XAC_MINH
12,12,1,odo,,,CHO_XAC_MINH
12,12,2,odo,,,CHO_XAC_MINH
12,12,3,"gai carillon, westminster, avemaria loudes",,"hay gặp trên dòng odo treo tường và tủ đời sau. nhiều người gọi là máy odo Đức",CHO_XAC_MINH
12,12,4,"không có thật, loại này thường được độ chế tại việt nam từ các loại ffr 10 côn 4 bài, lắp thêm 2 búa và 2 que côn để đánh bính boong như odo",,,CHO_XAC_MINH
13,13,1,odo,,,CHO_XAC_MINH
11,17,1,bản ma normandie trên đồng hồ norman,,,CHO_XAC_MINH
10,12,1,vedette,,,CHO_XAC_MINH
11,11,1,bản ma normandie trên ffr,,,CHO_XAC_MINH
11,11,1,le belle de candix trên girod tra cứu thêm,,,CHO_XAC_MINH
